claim_id,claim,intended_page,source,evidence_level,status,final_approved_wording,owner,verified_at
C-001,"Premium peptides, guided by licensed clinicians (category line)",/ hero,Samuel concept via System Labs reference,External reference + inference,DO NOT PUBLISH,(none) - use B-2 wording,Samuel,3298f279
C-002,Clinician-guided Care and research-grade products (earlier proposed H1; superseded by neutral hero),/ hero,This lane (B-2),Inference,FOUNDER APPROVAL,PENDING B-2,Samuel,3298f279
C-003,Care is available in your state,"/care, /faq",Live copy defers to after request (Faq.tsx:38-42),Source inspection,VERIFY WITH OPERATIONS,PENDING D-1: Care availability depends on your state; we confirm it after your request.,Operations,3298f279
C-004,A licensed clinician makes every medical decision in Care,"/care, /practices/care, product pages",CarePublicPages.tsx:142; transcript,Source inspection (copy only); PROVIDER_READINESS shows no clinician provider ready,CLINICAL REVIEW,PENDING clinical lead confirmation that a licensed clinician reviews every Care case,Clinical lead,3298f279
C-005,A U.S.-based state-licensed compounding pharmacy dispenses and ships Care prescriptions,"/care, /health, /faq",CarePublicPages.tsx:147; Gateway.tsx; Faq.tsx (6 occurrences of state-licensed at 3298f279),Source inspection; not verified (PROVIDER_READINESS),VERIFY WITH OPERATIONS,"Remove until verified; then 'Prescriptions, if any, are filled by a licensed pharmacy.'",Operations + counsel,3298f279
C-006,Three named medical directors oversee/sign off on orders,"/about, /quality",Compass transcript 00:12:17-00:13:17,Stakeholder statement,DO NOT PUBLISH,(none) until Q-08 answered,Samuel + counsel,3298f279
C-007,All medical compound orders are approved by medical directors,/care,Gemini summary (overstates transcript),Stakeholder statement,DO NOT PUBLISH,(none) - Research orders are not clinician-reviewed,Samuel,3298f279
C-008,Products are third-party tested where applicable,"/research/testing, /quality",TestingPage.tsx:31; quality/content.ts:27,Source inspection; zero vendor COA responses,VERIFY WITH OPERATIONS,Remove until lot evidence exists,Operations,3298f279
C-009,Each lot has a record; if a certificate of analysis exists for your lot you can view it,"/quality, product pages",Lot lookup API exists (public-lot-api.ts),Source inspection,VERIFY WITH OPERATIONS,PENDING: confirm at least the listed products have lot records,Operations,3298f279
C-010,Ships within 72 hours after payment verification,"EA pages, status, emails",fulfillment-copy.ts; customer-status.ts; communications.ts (22 occurrences of 72 hours at 3298f279),Source inspection; supplier unverified,VERIFY WITH OPERATIONS,Remove; use 'We'll email tracking when your order ships.',Operations,3298f279
C-011,Catalog size (393 SKUs / 114 peptides / 420 products),"/, /products",Compass transcript; dataset,Stakeholder statement vs repo (conflicting counts),DO NOT PUBLISH,(none),Samuel,3298f279
C-012,Care replies typically within one business day,"/care, Care confirmation, Care email",CareAccessRequestForm.tsx; manual-access.ts (8 occurrences at 3298f279),Source inspection; no SLA evidence,FOUNDER APPROVAL,Remove; use 'Our team will contact you using the method you chose.',Samuel + Care ops,3298f279
C-013,No response time is promised for inquiries,"/contact, practice/partner confirmations",contact-delivery repair; audit no-response-time contract,Source + audit evidence,VERIFIED FOR PUBLIC USE,We don't promise a response time.,—,3298f279
C-014,Customer/patient counts,any,None (System Labs figure mentioned on call),External reference,DO NOT PUBLISH,(none),—,3298f279
C-015,First-Month Foundations Plan at $30/month created by a CSCS,"/care, /health",CarePublicPages.tsx:155-160; Gateway.tsx:10,Source inspection; no commerce authority,FOUNDER APPROVAL,"Remove unless Samuel confirms offer, price and delivery",Samuel,3298f279
C-016,Product prices shown on cards,"/products, product pages",FOUNDER_PRICE_BOOK_2026-08-16 + PRICE_RELEASE_2026-08-19 (member audience),Source inspection (approved August member prices); September candidates pending,FOUNDER APPROVAL,PENDING C-2 per product; otherwise Price confirmed in your quote,Samuel,3298f279
C-017,"Product format (e.g., lyophilized powder in a vial)",product pages,Variant labels; transcript (vials),Source inspection (label) + stakeholder,VERIFY WITH OPERATIONS,PENDING per product; show only the variant label until verified,Operations,3298f279
C-018,Research products are for research use only and not for human consumption / not treatment instructions,"product pages, /research, order flow",Research Use Policy gate (EarlyAccessAgreementSection.tsx); customer-projection.ts,Source inspection,COUNSEL REVIEW,Use the current approved Research Use Policy wording verbatim; attach to every Research product (fixes CUX-09),Counsel,3298f279
C-019,A Research account or order never grants Care eligibility,"/research, /care, /faq",CarePublicPages.tsx:252; order-entry.ts,Source inspection,VERIFIED FOR PUBLIC USE,Ordering research products doesn't give you access to Care. Care starts with its own request.,—,3298f279
C-020,It is free to submit a Care request,/care,Form has no payment step,Source inspection,VERIFIED FOR PUBLIC USE,Submitting a Care request is free.,—,3298f279
C-021,Creating an account is free,"/faq, /practices",Transcript (Seth); no signup fee in current EA flow,Source inspection + stakeholder,VERIFY WITH OPERATIONS,PENDING ops confirmation: 'Creating an account is free.',Operations,3298f279
C-022,Consultation with a provider is free,/care,Transcript ('right now it's no cost'),Stakeholder statement,DO NOT PUBLISH,(none) until D-1,Samuel,3298f279
C-023,Payment is verified by a person before your order is released,"/research, order confirmation, /faq",payment-contract.ts (paid only by processor or named admin),Source inspection + audit evidence,VERIFIED FOR PUBLIC USE,We confirm your payment by hand before we release your order.,—,3298f279
C-024,The public Care form is not a medical intake; don't send health details,"/care/schedule, confirmation",CarePublicPages.tsx:127,Source inspection,VERIFIED FOR PUBLIC USE,This request isn't a medical intake. Please don't include health details here.,—,3298f279
C-025,Your practice earns commission on eligible orders from clients you refer,"/practices, /partners",Founder directive 2026-08-17 (Downloads/XENIOS_AUTHORITATIVE_RECONCILIATION_SOURCES_2026-08-17); affiliate-program/config.ts (inactive); transcript,Stakeholder + draft source,FOUNDER APPROVAL,"PENDING F-1: Your practice earns commission on eligible research-product orders from clients you refer. Rates, holds and payout timing are in your partner agreement.",Samuel + counsel,3298f279
C-026,Commission rates (founder directive 2026-08-17: 20% first / 7.5% repeat months 2-12; B2B tiers 8/10/12%),none,Founder directive 2026-08-17; config.ts matches; draft-schedule.ts 20/15 superseded,Source inspection (conflicting drafts),DO NOT PUBLISH,(agreement only - never on website),Samuel,3298f279
C-027,Payout timing (directive: every other Friday; 21-day hold; $50 minimum) vs meeting (monthly / weekly statements),none publicly,Founder directive 2026-08-17; transcript,Conflicting sources,DO NOT PUBLISH,(agreement only),Samuel,3298f279
C-028,Your client stays your client (client ownership),/practices,Transcript 00:31:53,Stakeholder (founder verbal promise),FOUNDER APPROVAL,PENDING G-1 (recommended text in 17_OWNER_DECISION_PACKET.md),Samuel,3298f279
C-029,Practices cannot place orders on behalf of clients,"/practices/workspace, FAQ",account-identity/service.ts (no such capability),Source inspection,FOUNDER APPROVAL,PENDING E-1: Your practice account doesn't place orders for clients. Each client creates their own account and accepts the research-use terms themselves.,Samuel,3298f279
C-030,Practice dashboard shows referrals and commission; client names only with client consent; Care info never shared without written authorization,/practices/workspace,partners/portal.ts (counts only),Source inspection + inference,FOUNDER APPROVAL,PENDING E-2,Samuel + counsel,3298f279
C-031,Your referral link/code attributes clients to your practice,/practices/referrals,Referral V1 + xr_aff cookie (dark),Source inspection (implemented but off),VERIFY WITH OPERATIONS,PENDING Referral V1 go-live; until then 'Referral links are issued after approval.',Engineering + Samuel,3298f279
C-032,In-clinic inventory / wholesale available,/practices,Transcript,Stakeholder,DO NOT PUBLISH,Under review — ask us (inquiry only),Samuel,3298f279
C-033,Support is available 24/7 (chatbot),any,Transcript,Stakeholder,DO NOT PUBLISH,(none),Samuel,3298f279
C-034,Dosing and reconstitution instructions provided with products,product pages,Transcript question,Stakeholder,DO NOT PUBLISH,We don't provide dosing instructions for research products.,Counsel,3298f279
C-035,Xenios Technologies Inc. is the company you contract with,"footer, policies",Privacy/Terms,Source inspection,VERIFIED FOR PUBLIC USE,"© Xenios Technologies, Inc.",—,3298f279
C-036,We never approve an account through an inquiry,practice/partner/supplier confirmations,PartnershipInquiryForm copy,Source inspection,VERIFIED FOR PUBLIC USE,Sending an inquiry doesn't create an account or approve anything.,—,3298f279
C-037,Supplier access is by invitation after qualification,/suppliers,SupplierPartnershipPage.tsx:48,Source inspection,VERIFIED FOR PUBLIC USE,"Supplier access is by invitation, after we review your documentation.",—,3298f279
C-038,Membership costs $50 at activation then $25 every 30 days,member pages,MemberArea.tsx:88,Source inspection; billing disabled,DO NOT PUBLISH,Remove,Samuel,3298f279
C-039,Formal Research membership applications are not open,/research/apply,Apply.tsx:15-33,Source inspection,VERIFIED FOR PUBLIC USE,Membership applications aren't open. You can still order research products or start Care.,—,3298f279
C-040,Payment methods accepted (Zelle/Venmo/Cash App/PayPal/Apple Pay/ACH/wire),payment instructions (after order),Production gate 2026-09-23 (thread archive),Production observation (reported) + source,VERIFIED FOR PUBLIC USE,"Shown only on the payment step, not in marketing",—,3298f279
C-041,Emails confirm every accepted request,all confirmations,Outbox + direct sends; /api/contact courtesy may fail,Source inspection,VERIFIED FOR PUBLIC USE,'We've also emailed you a copy.' only when autoReplySent=true; otherwise 'We couldn't send a copy to your email; keep this reference.',—,3298f279
C-042,Referral partners must disclose their relationship,"/partners, partner resources",Affiliate compliance pages,Source inspection,COUNSEL REVIEW,PENDING counsel,Counsel,3298f279
C-043,Clinical follow-up for anything prescribed is owned by the Care clinician; the practice keeps coaching,"/practices/care, /care",Compass transcript 00:31:53 (Samuel said practices approve everything - inverted authority); brief §4.3,Stakeholder + inference,CLINICAL REVIEW,PENDING Q-04,Clinical lead + counsel,3298f279
C-044,Care services never earn commission,"/practices, /partners",Founder directive 2026-08-17 (clinical revenue never commissionable),Founder decision (outside repo) + inference,FOUNDER APPROVAL,Care services never earn commission.,Samuel,3298f279
C-045,"Volume discounts (5+ up to 7%, 10+ up to 15%)",none publicly,Founder directive 2026-08-17; price book tiers,Founder decision,DO NOT PUBLISH,(quotes only),Samuel,3298f279
C-046,Provider review of every order,any,Compass transcript,Stakeholder statement,DO NOT PUBLISH,(none) - Research orders are not clinician-reviewed; Care decisions are made by a clinician,Samuel,3298f279
C-047,Research products ship as lyophilized powder in vials; premixed formats available on request,"product pages, practices",Transcript 00:33:52-00:35:33,Stakeholder statement,DO NOT PUBLISH,Only the verified variant label per product (C-017); never premixed,Operations,3298f279
