"Scenario ID","CTA/journey IDs","environment/build","identity","token state","data/availability state","viewport/browser","steps","expected outcome","actual outcome","request/result evidence","stored/event reference","screenshot/trace references","status","limitation","finding ID","retest build/result","provenance","record phase"
"S001","Homepage chooser","LOCAL 0574264","signed out","none","public","Chrome; initial actual dimensions not recorded","Home > Get access > partner program","Clear intent and inquiry boundary","Chooser and partner destination visible","candidate-home-390.txt; candidate-access-hub-mobile.txt; candidate-partners-mobile.txt","none","candidate-home-390.png","NOT RUN","Full scenario not qualified in this historical observation. All chooser CTAs not individually qualified","","Not retested on repair; unrelated code unchanged","Historical evidence; see environment/build and original receipt; observed-only baseline","historical baseline observation; not current defect status"
"S002","Partner inquiry","LOCAL 0574264","synthetic inquiry","none","email provider absent","Chrome; actual viewport not recorded","Fill required fields > Submit inquiry","Failure without receipt","HTTP 200 and false receipt/follow-up/confirmation","candidate-partnership-no-provider-result.txt; POST 200 in preview log","No durable inquiry record","candidate-partnership-no-provider-result.png","FAIL","Local fixture; not production","AUD-001","Resolved on c4ea8a9; contact timeout/acceptance/retry continuation rows and isolated capture evidence","Historical evidence; see environment/build and original receipt","historical baseline observation; not current defect status"
"S003","Returning partner","LOCAL 0574264","signed out","none","dashboard gated","Chrome; actual viewport not recorded","Existing partner access > Sign in > Forgot password","Preserve destination","Dashboard returnTo preserved","candidate-partner-signed-out.txt; candidate-partner-signin-return.txt; candidate-reset-no-session.txt","none","DOM snapshots","PASS","Real login/reset delivery not tested","","Unchanged flow","Historical evidence; see environment/build and original receipt; original qualification label: PASS BOUNDED","historical baseline observation; not current defect status"
"S004","Application","LOCAL 0574264","new visitor","none","legal package unavailable","Chrome; actual viewport not recorded","Open apply/review/success","Closed application; no implied save","Closed with supported alternatives","candidate-application-closed.txt; alias-_research_apply_review.txt; alias-_research_apply_success.txt","none","DOM snapshots","PASS","Cannot test real submission while closed","","Unchanged flow","Historical evidence; see environment/build and original receipt; original qualification label: PASS BOUNDED","historical baseline observation; not current defect status"
"S005","Application status","LOCAL 0574264","new visitor","none then invalid","public status unavailable","Chrome; actual viewport not recorded","Open status without token; supply invalid token","Neutral request then invalid-link recovery","Both distinct states visible","baseline-_research_apply_status.txt; status-invalid-token.txt","none","DOM snapshots","PASS","No valid expired consumed or approved token fixtures","","Unchanged flow","Historical evidence; see environment/build and original receipt; original qualification label: PASS BOUNDED","historical baseline observation; not current defect status"
"S006","Unsafe return destination","LOCAL 0574264","signed out","none","public","Chrome; actual viewport not recorded","Open sign-in with external returnTo","No external continuation","Recovery link omits unsafe destination","signin-external-return-rejected.txt","none","DOM snapshot","NOT RUN","Full scenario not qualified in this historical observation. Post-login external redirect not independently exercised","","Unchanged flow","Historical evidence; see environment/build and original receipt; observed-only baseline","historical baseline observation; not current defect status"
"S007","Account navigation","SYNTHETIC ACCOUNT 0574264","fixture1@preview.invalid","synthetic active","rich but incomplete history","Chrome; viewport not recorded","Sign in > account areas","Bounded source-aware account information","Account sections navigable; unavailable completeness explicit","account-rich-*.txt","Memory fixture","account-support-desktop.png","PASS","Not real authentication persistence or production histories","","Unchanged flow","Historical evidence; see environment/build and original receipt; original qualification label: PASS BOUNDED","historical baseline observation; not current defect status"
"S008","Empty account","SYNTHETIC ACCOUNT 0574264","fixture2@preview.invalid","synthetic active","empty/partial","Chrome; viewport not recorded","Navigate account histories and direct partner dashboard","No fabricated history or relationship","Unavailable/empty distinctions; no partner attached","account-empty-*.txt","Memory fixture","DOM snapshots","PASS","Fixture schemas only","","Unchanged flow","Historical evidence; see environment/build and original receipt; original qualification label: PASS BOUNDED","historical baseline observation; not current defect status"
"S009","Paused account","SYNTHETIC ACCOUNT 0574264","inactive@preview.invalid","synthetic paused","inactive","Chrome; viewport not recorded","Sign in","Do not reopen account","Inactive-access explanation","account-paused-signin.txt","Memory fixture","DOM snapshot","PASS","Not production identity","","Unchanged flow","Historical evidence; see environment/build and original receipt; original qualification label: PASS BOUNDED","historical baseline observation; not current defect status"
"S010","Account support","SYNTHETIC ACCOUNT 0574264","fixture1@preview.invalid","active","memory writer","Chrome; viewport not recorded","Submit synthetic support > inspect case > sign out","Receipt linked to recorded case; signout","Case visible and public return after signout","account-rich-support-result.txt; account-signout-result.txt","Synthetic memory case; epoch clock","DOM snapshots","PASS","No durable DB/email proof; fixture date is not production finding","","Unchanged flow","Historical evidence; see environment/build and original receipt; original qualification label: PASS BOUNDED","historical baseline observation; not current defect status"
"S011","Care public and clinical gates","LOCAL 0574264","signed out","none","Care unavailable","Chrome; viewport not recorded","Visit Care public and clinical entry routes","Unavailable without clinical authority","Explicit unavailable/disabled/draft states","baseline-_care*.txt","none","DOM snapshots","NOT RUN","Full scenario not qualified in this historical observation. Request persistence clinical handoff and transitions NOT RUN","","Unchanged flow","Historical evidence; see environment/build and original receipt; observed-only baseline","historical baseline observation; not current defect status"
"S012","Admin signed out","LOCAL 0574264","signed out","none","protected queues","Chrome; viewport not recorded","Open all static admin routes","No records/actions without admin","Admin form or sign-in alert","signedout-_admin*.txt","none","DOM snapshots","PASS","Loading and authorized queue states not exhaustively covered","","Unchanged flow","Historical evidence; see environment/build and original receipt; original qualification label: PASS BOUNDED","historical baseline observation; not current defect status"
"S013","Admin question reply and wrong role","NATIVE SYNTHETIC 0574264","admin@preview.invalid then other@preview.invalid","synthetic actual guard","seeded question","Chrome; viewport not recorded","Admin login > queue > detail > reply > signout > other login","Allow configured admin; deny other role","Answer recorded; other denied","admin-fixture-*.txt; diagnostic externalMutations=0 notificationIntents=1","One memory notification intent","DOM snapshots","PASS","Not production founder; other queue mutations NOT RUN","","Unchanged flow","Historical evidence; see environment/build and original receipt; original qualification label: PASS BOUNDED","historical baseline observation; not current defect status"
"S014","Access hub responsive and keyboard sample","LOCAL 0574264","signed out","none","public","Chrome; measured 390x844 768x1024 1440x1000","Inspect layouts; Tab from gateway link","No horizontal overflow; visible focus","Measured 390 and 1440 no overflow; disclosure gets outline","access-hub-actual*.png","none","access-hub-actual390.png; access-hub-actual768.png; access-hub-actual1440.png","PASS","Not full site responsive zoom keyboard audit; version not recorded","","Unchanged flow","Historical evidence; see environment/build and original receipt; original qualification label: PASS SAMPLE","historical baseline observation; not current defect status"
"S015","Inquiry provider unavailable retest","LOCAL REPAIR 02d525b","audit@example.invalid","none","no provider","Chrome; viewport not recorded","Submit same synthetic inquiry","No false receipt; preserve draft","503 and truthful alert with details retained","repair-no-provider-result.txt","none","repair-no-provider-result.png","PASS","Does not prove live provider delivery","AUD-001","02d525b exact built bundle","Historical evidence; see environment/build and original receipt","historical baseline observation; not current defect status"
"S016","Inquiry accepted retest","CAPTURE REPAIR 02d525b","audit@example.invalid","none","synthetic team+reply acceptance","Chrome; viewport not recorded","Submit inquiry","Accepted-for-delivery wording","Team and courtesy acceptance correctly described","repair-synthetic-accepted.txt; synthetic-contact-log.txt","Synthetic acceptance IDs only","DOM snapshot","PASS","All outbound sockets blocked; no inbox delivery","AUD-001","02d525b exact built bundle","Historical evidence; see environment/build and original receipt; original qualification label: PASS SYNTHETIC","historical baseline observation; not current defect status"
"S017","Courtesy rejection retest","CAPTURE REPAIR 02d525b","courtesy-fail@example.invalid","none","team accepted courtesy rejected","Chrome; viewport not recorded","Submit inquiry","Accepted inquiry; no duplicate prompt","Do not resubmit; confirmation unconfirmed","repair-synthetic-courtesy-failure.txt; synthetic-contact-log.txt","Synthetic acceptance ID","repair-synthetic-courtesy-failure.png","PASS","No actual provider event or durable queue","AUD-001","02d525b exact built bundle","Historical evidence; see environment/build and original receipt; original qualification label: PASS SYNTHETIC","historical baseline observation; not current defect status"
"S018","Corporate contact regression","CAPTURE REPAIR 02d525b","audit@example.invalid","none","synthetic provider acceptance","Chrome; viewport not recorded","Fill corporate contact > send","Shared route still functions","Success shown; fixed two-day promise remains","repair-corporate-contact-accepted.txt","Synthetic acceptance IDs","DOM snapshot","PASS","Operational deadline unsupported by this audit","AUD-004 candidate","Unsupported promise removed on c4ea8a9 under documented no-SLA policy","Historical evidence; see environment/build and original receipt; original qualification label: PASS BOUNDED","historical baseline observation; not current defect status"
"S019","Public lot and accessibility policy","LOCAL REPAIR 02d525b","signed out","none","public source unavailable; draft policy","Chrome; viewport not recorded","Verify synthetic lot; open accessibility policy","No invented lot absence or conformance","Unavailable and draft status explicit","public-lot-fixture-lookup-result.txt; public-accessibility-policy.txt","none","DOM snapshots","PASS","No actual approved lot fixture or conformance assessment","","02d525b","Historical evidence; see environment/build and original receipt; original qualification label: PASS BOUNDED","historical baseline observation; not current defect status"
"B001","Token lifecycles","NOT RUN","missing fixtures","valid expired consumed approved recovery-purpose","not available","NOT RUN","Requires issued isolated tokens","Owner/purpose/lifetime enforced","NOT RUN","none","none","none","BLOCKED","No production-equivalent isolated token fixture supplied","","Resolved locally: SQL/browser claim evidence plus closeout-local-services.json with actual GoTrue/REST","Historical evidence; see environment/build and original receipt","historical baseline observation; not current defect status"
"B002","Cross-owner histories/documents","NOT RUN","isolated owner pairs needed","authenticated","matching records needed","NOT RUN","Attempted second fixture account navigation lost tab","No cross-owner disclosure","No result claimed","none","none","none","NOT RUN","Existing narrow fixture and interrupted navigation do not establish isolation","","Recovered order/history browser isolation; private resource HTTP bytes and owner/audience denial in closeout-local-resource-bytes.json","Historical evidence; see environment/build and original receipt","historical baseline observation; not current defect status"
"B003","Payment fulfillment partner supplier Care admin lifecycles","NOT RUN","authorized isolated roles needed","authenticated","production-equivalent states needed","NOT RUN","Mutate only controlled fixtures","Truthful state transitions and notifications","NOT RUN","none","none","none","BLOCKED","No complete isolated backend fixture for these doors; no real mutations allowed","","NOT RUN","Historical evidence; see environment/build and original receipt","historical baseline observation; not current defect status"
"B004","All CTA keyboard zoom network retry and duplicates","PARTIAL","multiple personas","multiple states","multiple states","PARTIAL","Complete remaining action-state coverage","Every meaningful action qualified","Inventory substantially exceeds exercised actions","ROUTE_AND_CTA_MATRIX.csv","none","Partial screenshot sample only","NOT RUN","Coverage gap remains; not an access-only blocker","","NOT RUN","Historical evidence; see environment/build and original receipt","historical baseline observation; not current defect status"
"B005","Real notification delivery/replay","NOT RUN","approved sink required","not applicable","provider capture needed","NOT RUN","Observe accepted event through delivery and retry","No false stage claims or duplicate mail","Only local synthetic acceptance observed","synthetic-contact-log.txt","Synthetic only","none","BLOCKED","No approved external delivery sink; no real test messages sent","","NOT RUN","Historical evidence; see environment/build and original receipt","historical baseline observation; not current defect status"
"R001","Cross-owner order denied","LOCAL 02d525b UI; unchanged native guard/order source at c4ea8a9","synthetic only","See evidence","Isolated fixture","See evidence","Cross-owner order denied","See scenario receipt","See scenario receipt","evidence/resume-cross-owner-denial.txt","See fixture receipt","evidence/resume-cross-owner-denial.txt","PASS","No production RLS claim","","Current continuation","native real guard/service; synthetic owners and memory order","continuation qualification"
"R002","Correct owner sees seeded order","LOCAL 02d525b UI; unchanged native guard/order source at c4ea8a9","synthetic only","See evidence","Isolated fixture","See evidence","Correct owner sees seeded order","See scenario receipt","See scenario receipt","evidence/resume-owner-positive.txt","See fixture receipt","evidence/resume-owner-positive.txt","PASS","One seeded order","","Current continuation","native real guard/service; synthetic owner","continuation qualification"
"R003","Admin starts processing","LOCAL 02d525b UI; unchanged native guard/order source at c4ea8a9","synthetic only","See evidence","Isolated fixture","See evidence","Admin starts processing","See scenario receipt","See scenario receipt","evidence/resume-admin-processing.txt","See fixture receipt","evidence/resume-admin-processing.txt","PASS","No physical fulfillment","","Current continuation","native real admin guard/order service","continuation qualification"
"R004","Admin records tracking","LOCAL 02d525b UI; unchanged native guard/order source at c4ea8a9","synthetic only","See evidence","Isolated fixture","See evidence","Admin records tracking","See scenario receipt","See scenario receipt","evidence/resume-admin-tracking.txt","See fixture receipt","evidence/resume-admin-tracking.txt","PASS","Synthetic tracking only","","Current continuation","native real admin guard/order service","continuation qualification"
"R005","Admin marks order shipped","LOCAL 02d525b UI; unchanged native guard/order source at c4ea8a9","synthetic only","See evidence","Isolated fixture","See evidence","Admin marks order shipped","See scenario receipt","See scenario receipt","evidence/resume-admin-shipped.txt","See fixture receipt","evidence/resume-admin-shipped.txt","PASS","Order-level transition; package row not qualified","","Current continuation","native real admin guard/order service","continuation qualification"
"R006","Valid signed status token","LOCAL c4ea8a9111fcdf7b66cff7db42347e7d38a3fefa","synthetic only","See evidence","Isolated fixture","See evidence","Valid signed status token","See scenario receipt","See scenario receipt","evidence/resume-valid-status.txt","See fixture receipt","evidence/resume-valid-status.txt","PASS","Read-only status fixture","","Current continuation","actual HMAC/status route; synthetic row","continuation qualification"
"R007","Expired signed status token","LOCAL c4ea8a9111fcdf7b66cff7db42347e7d38a3fefa","synthetic only","See evidence","Isolated fixture","See evidence","Expired signed status token","See scenario receipt","See scenario receipt","evidence/resume-expired-status.txt","See fixture receipt","evidence/resume-expired-status.txt","PASS","No external recovery delivery","","Current continuation","actual HMAC/status route; synthetic row","continuation qualification"
"R008","Approved status controls","LOCAL c4ea8a9111fcdf7b66cff7db42347e7d38a3fefa","synthetic only","See evidence","Isolated fixture","See evidence","Approved status controls","See scenario receipt","See scenario receipt","evidence/resume-approved-status.txt","See fixture receipt","evidence/resume-approved-status.txt","PASS","Claim submission not executed in browser","","Current continuation","actual status projection; synthetic approved row","continuation qualification"
"R009","Active account status controls","LOCAL c4ea8a9111fcdf7b66cff7db42347e7d38a3fefa","synthetic only","See evidence","Isolated fixture","See evidence","Active account status controls","See scenario receipt","See scenario receipt","evidence/resume-active-status.txt","See fixture receipt","evidence/resume-active-status.txt","PASS","Seeded active state, not a claim-consumption event","","Current continuation","actual status projection; synthetic active row","continuation qualification"
"R010","Courtesy stall preserves accepted result","LOCAL c4ea8a9111fcdf7b66cff7db42347e7d38a3fefa","synthetic only","See evidence","Isolated fixture","See evidence","Courtesy stall preserves accepted result","See scenario receipt","See scenario receipt","evidence/resume-courtesy-stall.txt","See fixture receipt","evidence/resume-courtesy-stall.txt","PASS","Team accepted, courtesy bounded at 2 seconds","","Current continuation","actual bundle; isolated provider capture","continuation qualification"
"R011","Team provider timeout bounded","LOCAL c4ea8a9111fcdf7b66cff7db42347e7d38a3fefa","synthetic only","See evidence","Isolated fixture","See evidence","Team provider timeout bounded","See scenario receipt","See scenario receipt","evidence/resume-team-timeout.txt","See fixture receipt","evidence/resume-team-timeout.txt","PASS","Unknown acceptance; draft retained; 10-second bound","","Current continuation","actual bundle; isolated provider capture","continuation qualification"
"R012","Provider response lost after acceptance","LOCAL c4ea8a9111fcdf7b66cff7db42347e7d38a3fefa","synthetic only","See evidence","Isolated fixture","See evidence","Provider response lost after acceptance","See scenario receipt","See scenario receipt","evidence/resume-provider-response-lost.txt","See fixture receipt","evidence/resume-provider-response-lost.txt","PASS","Receipt unknown, not definitive failure","","Current continuation","actual bundle; isolated provider capture","continuation qualification"
"R013","Provider retry replays acceptance","LOCAL c4ea8a9111fcdf7b66cff7db42347e7d38a3fefa","synthetic only","See evidence","Isolated fixture","See evidence","Provider retry replays acceptance","See scenario receipt","See scenario receipt","evidence/resume-provider-retry-accepted.txt","See fixture receipt","evidence/resume-provider-retry-accepted.txt","PASS","Unchanged payload; no second team acceptance","","Current continuation","actual bundle; isolated provider capture","continuation qualification"
"R014","Browser response lost after acceptance","LOCAL c4ea8a9111fcdf7b66cff7db42347e7d38a3fefa","synthetic only","See evidence","Isolated fixture","See evidence","Browser response lost after acceptance","See scenario receipt","See scenario receipt","evidence/resume-browser-response-lost.txt","See fixture receipt","evidence/resume-browser-response-lost.txt","PASS","Response blocked after provider acceptance","","Current continuation","actual bundle; CDP response interruption; capture","continuation qualification"
"R015","Retry rate limit retains draft","LOCAL c4ea8a9111fcdf7b66cff7db42347e7d38a3fefa","synthetic only","See evidence","Isolated fixture","See evidence","Retry rate limit retains draft","See scenario receipt","See scenario receipt","evidence/resume-retry-throttled.txt","See fixture receipt","evidence/resume-retry-throttled.txt","PASS","Existing 5 per 10-minute limit","","Current continuation","actual route rate limit; isolated capture","continuation qualification"
"R016","Browser retry accepted without duplicate","LOCAL c4ea8a9111fcdf7b66cff7db42347e7d38a3fefa","synthetic only","See evidence","Isolated fixture","See evidence","Browser retry accepted without duplicate","See scenario receipt","See scenario receipt","evidence/resume-browser-response-retry-accepted.txt","See fixture receipt","evidence/resume-browser-response-retry-accepted.txt","PASS","Both email keys replay; no new acceptance","","Current continuation","actual bundle; isolated provider replay","continuation qualification"
"R017","Canonical documents sign-in return","LOCAL c4ea8a9111fcdf7b66cff7db42347e7d38a3fefa","synthetic only","See evidence","Isolated fixture","See evidence","Canonical documents sign-in return","See scenario receipt","See scenario receipt","evidence/resume-secure-documents-return.txt","See fixture receipt","evidence/resume-secure-documents-return.txt","PASS","Signed-out gate only","","Current continuation","actual c4ea8a9 browser bundle","continuation qualification"
"R018","Mobile validation and keyboard focus","LOCAL c4ea8a9111fcdf7b66cff7db42347e7d38a3fefa","synthetic only","See evidence","Isolated fixture","See evidence","Mobile validation and keyboard focus","See scenario receipt","See scenario receipt","evidence/resume-mobile-inquiry-validation.txt","See fixture receipt","evidence/resume-mobile-inquiry-validation.txt","PASS","390px sampled inquiry flow","","Current continuation","actual c4ea8a9 browser bundle","continuation qualification"
"R019","Responsive 390/768/1440","LOCAL c4ea8a9111fcdf7b66cff7db42347e7d38a3fefa","synthetic only","See evidence","Isolated fixture","See evidence","Responsive 390/768/1440","See scenario receipt","See scenario receipt","evidence/resume-responsive.json","See fixture receipt","evidence/resume-responsive.json","PASS","Inquiry page sample, not all routes","","Current continuation","actual c4ea8a9 browser bundle","continuation qualification"
"R020","Slow-network pending state","LOCAL c4ea8a9111fcdf7b66cff7db42347e7d38a3fefa","synthetic only","See evidence","Isolated fixture","See evidence","Slow-network pending state","See scenario receipt","See scenario receipt","evidence/resume-slow-inquiry-pending.txt","See fixture receipt","evidence/resume-slow-inquiry-pending.txt","PASS","Submitting disabled; retained draft","","Current continuation","CDP 800ms latency and bandwidth limits","continuation qualification"
"R021","Slow-network completion","LOCAL c4ea8a9111fcdf7b66cff7db42347e7d38a3fefa","synthetic only","See evidence","Isolated fixture","See evidence","Slow-network completion","See scenario receipt","See scenario receipt","evidence/resume-slow-inquiry-accepted.txt","See fixture receipt","evidence/resume-slow-inquiry-accepted.txt","PASS","Acceptance only","","Current continuation","actual bundle; isolated provider capture","continuation qualification"
"R022","Duplicate inquiry replay","LOCAL c4ea8a9111fcdf7b66cff7db42347e7d38a3fefa","synthetic only","See evidence","Isolated fixture","See evidence","Duplicate inquiry replay","See scenario receipt","See scenario receipt","evidence/resume-duplicate-inquiry.txt","See fixture receipt","evidence/resume-duplicate-inquiry.txt","PASS","No duplicate captured acceptance","","Current continuation","actual bundle; isolated provider capture","continuation qualification"
"R023","200 percent visual scale","LOCAL c4ea8a9111fcdf7b66cff7db42347e7d38a3fefa","synthetic only","See evidence","Isolated fixture","See evidence","200 percent visual scale","See scenario receipt","See scenario receipt","evidence/resume-visual-zoom-200.png","See fixture receipt","evidence/resume-visual-zoom-200.png","PASS","Pinch-style scale, not desktop CSS reflow","","Current continuation","CDP page visual scale","continuation qualification"
"R024","Desktop browser zoom qualification","LOCAL c4ea8a9111fcdf7b66cff7db42347e7d38a3fefa","synthetic only","See evidence","Isolated fixture","See evidence","Desktop browser zoom qualification","See scenario receipt","See scenario receipt","evidence/resume-desktop-zoom-attempt.txt","See fixture receipt","evidence/resume-desktop-zoom-attempt.txt","NOT RUN","Keyboard shortcut did not change measured width or pixel ratio; no 200-percent reflow claim","","Current continuation","browser keyboard attempt and DOM measurements","continuation qualification"
"R025","Second owner history isolated","LOCAL c4ea8a9111fcdf7b66cff7db42347e7d38a3fefa","synthetic only","See evidence","Isolated fixture","See evidence","Second owner history isolated","See scenario receipt","See scenario receipt","evidence/resume-other-owner-history.txt","See fixture receipt","evidence/resume-other-owner-history.txt","PASS","No seeded order or assisted requests visible; unavailable sources disclosed","","Current continuation","real account/history projection and guard; native synthetic rows","continuation qualification"
"R026","Correct owner history visible","LOCAL c4ea8a9111fcdf7b66cff7db42347e7d38a3fefa","synthetic only","See evidence","Isolated fixture","See evidence","Correct owner history visible","See scenario receipt","See scenario receipt","evidence/resume-correct-owner-history.txt","See fixture receipt","evidence/resume-correct-owner-history.txt","PASS","One order and two assisted requests; no production RLS claim","","Current continuation","real account/history projection and guard; native synthetic rows","continuation qualification"
"R027","Interrupted tab session recovers","LOCAL c4ea8a9111fcdf7b66cff7db42347e7d38a3fefa","synthetic only","See evidence","Isolated fixture","See evidence","Interrupted tab session recovers","See scenario receipt","See scenario receipt","evidence/resume-session-reopened.txt","See fixture receipt","evidence/resume-session-reopened.txt","PASS","Close tab and cold reopen retains authorized owner history","","Current continuation","native synthetic session; real account gate","continuation qualification"
"R028","Explicit sign-out revokes cold access","LOCAL c4ea8a9111fcdf7b66cff7db42347e7d38a3fefa","synthetic only","See evidence","Isolated fixture","See evidence","Explicit sign-out revokes cold access","See scenario receipt","See scenario receipt","evidence/resume-session-revoked.txt","See fixture receipt","evidence/resume-session-revoked.txt","PASS","Cold account navigation returns to sign-in","","Current continuation","native synthetic session; real account gate","continuation qualification"
"R029","Status-purpose cannot claim","LOCAL c4ea8a9111fcdf7b66cff7db42347e7d38a3fefa","synthetic only","See evidence","Isolated fixture","See evidence","Status-purpose cannot claim","See scenario receipt","See scenario receipt","evidence/sql-claims-qualification.json","See fixture receipt","evidence/sql-claims-qualification.json","PASS","401; no membership grant","","Current continuation","real HTTP token validator and production dependency; actual local SQL","continuation qualification"
"R030","Expired claim cannot grant access","LOCAL c4ea8a9111fcdf7b66cff7db42347e7d38a3fefa","synthetic only","See evidence","Isolated fixture","See evidence","Expired claim cannot grant access","See scenario receipt","See scenario receipt","evidence/sql-claims-qualification.json","See fixture receipt","evidence/sql-claims-qualification.json","PASS","401 even with correctly signed expired token","","Current continuation","real signed-token validator and actual local SQL","continuation qualification"
"R031","Recovery-purpose session cannot claim","LOCAL c4ea8a9111fcdf7b66cff7db42347e7d38a3fefa","synthetic only","See evidence","Isolated fixture","See evidence","Recovery-purpose session cannot claim","See scenario receipt","See scenario receipt","evidence/sql-claims-qualification.json","See fixture receipt","evidence/sql-claims-qualification.json","PASS","409; provider session is synthetic, exact-match verified","","Current continuation","real production verifySignIn and actual local SQL","continuation qualification"
"R032","Different signed-in owner cannot claim","LOCAL c4ea8a9111fcdf7b66cff7db42347e7d38a3fefa","synthetic only","See evidence","Isolated fixture","See evidence","Different signed-in owner cannot claim","See scenario receipt","See scenario receipt","evidence/sql-claims-qualification.json","See fixture receipt","evidence/sql-claims-qualification.json","PASS","409; no foreign grant","","Current continuation","real claim ownership check and actual local SQL","continuation qualification"
"R033","Approved owner claims in browser","LOCAL c4ea8a9111fcdf7b66cff7db42347e7d38a3fefa","synthetic only","See evidence","Isolated fixture","See evidence","Approved owner claims in browser","See scenario receipt","See scenario receipt","evidence/sql-claim-after.txt","See fixture receipt","evidence/sql-claim-after.txt","PASS","One local active member; billing remains not_started","","Current continuation","actual SPA, member claim route, production dependency and candidate SQL","continuation qualification"
"R034","Consumed claim replay is idempotent","LOCAL c4ea8a9111fcdf7b66cff7db42347e7d38a3fefa","synthetic only","See evidence","Isolated fixture","See evidence","Consumed claim replay is idempotent","See scenario receipt","See scenario receipt","evidence/sql-claims-qualification.json","See fixture receipt","evidence/sql-claims-qualification.json","PASS","One member and one welcome event; no duplicate","","Current continuation","actual HTTP claim route and SQL replay","continuation qualification"
"R035","Normal member denied admin approval","LOCAL c4ea8a9111fcdf7b66cff7db42347e7d38a3fefa","synthetic only","See evidence","Isolated fixture","See evidence","Normal member denied admin approval","See scenario receipt","See scenario receipt","evidence/sql-admin-approval.json","See fixture receipt","evidence/sql-admin-approval.json","PASS","403; browser roles cannot grant admin","","Current continuation","canonical requireSupabaseAdmin and actual SQL","continuation qualification"
"R036","Admin approval queues local claim","LOCAL c4ea8a9111fcdf7b66cff7db42347e7d38a3fefa","synthetic only","See evidence","Isolated fixture","See evidence","Admin approval queues local claim","See scenario receipt","See scenario receipt","evidence/sql-admin-approval.json","See fixture receipt","evidence/sql-admin-approval.json","PASS","Queued is not delivered","","Current continuation","canonical guard, approval registrar, production dependency and actual SQL","continuation qualification"
"R037","Admin approval retry replays","LOCAL c4ea8a9111fcdf7b66cff7db42347e7d38a3fefa","synthetic only","See evidence","Isolated fixture","See evidence","Admin approval retry replays","See scenario receipt","See scenario receipt","evidence/sql-admin-approval.json","See fixture receipt","evidence/sql-admin-approval.json","PASS","No duplicate approval notification","","Current continuation","actual SQL idempotency behind real admin guard","continuation qualification"
"R038","Recovery browser hides claim action","LOCAL c4ea8a9111fcdf7b66cff7db42347e7d38a3fefa","synthetic only","See evidence","Isolated fixture","See evidence","Recovery browser hides claim action","See scenario receipt","See scenario receipt","evidence/sql-recovery-browser-boundary.txt","See fixture receipt","evidence/sql-recovery-browser-boundary.txt","PASS","Normal sign-in required; no password reset performed","","Current continuation","actual SPA recovery marker and real approved SQL row","continuation qualification"
"R039","Consumed claim displays active status","LOCAL c4ea8a9111fcdf7b66cff7db42347e7d38a3fefa","synthetic only","See evidence","Isolated fixture","See evidence","Consumed claim displays active status","See scenario receipt","See scenario receipt","evidence/sql-claim-consumed-status.txt","See fixture receipt","evidence/sql-claim-consumed-status.txt","PASS","No second create-account form","","Current continuation","actual SPA status route after actual SQL claim","continuation qualification"
"R040","Contact/menu","LOCAL c4ea8a9111fcdf7b66cff7db42347e7d38a3fefa","signed out","none","isolated SQL preview","Chrome; four widths where stated","Keyboard Enter opens site menu; delayed initial focus reaches Close menu","Keyboard navigation or responsive layout works","dialog aria-modal true; Close menu focused","evidence/closeout-browser-20260926.json","none","none","PASS","Bounded local scenario; no external delivery","","c4ea8a9 PASS","Exact bundle browser observation","continuation qualification"
"R041","Contact/menu","LOCAL c4ea8a9111fcdf7b66cff7db42347e7d38a3fefa","signed out","none","isolated SQL preview","Chrome; four widths where stated","Reverse Tab from first dialog link and forward Tab from last link","Keyboard navigation or responsive layout works","Wraps xenios -> Disclosures and Disclosures -> xenios; stays in dialog","evidence/closeout-browser-20260926.json","none","none","PASS","Bounded local scenario; no external delivery","","c4ea8a9 PASS","Exact bundle browser observation","continuation qualification"
"R042","Contact/menu","LOCAL c4ea8a9111fcdf7b66cff7db42347e7d38a3fefa","signed out","none","isolated SQL preview","Chrome; four widths where stated","Escape closes menu","Keyboard navigation or responsive layout works","Zero dialogs; focus restored to Open full site menu","evidence/closeout-browser-20260926.json","none","none","PASS","Bounded local scenario; no external delivery","","c4ea8a9 PASS","Exact bundle browser observation","continuation qualification"
"R043","Contact/menu","LOCAL c4ea8a9111fcdf7b66cff7db42347e7d38a3fefa","signed out","none","isolated SQL preview","Chrome; four widths where stated","Corporate contact Name Tab then keyboard submit with missing persona and short message","Keyboard navigation or responsive layout works","Tab reaches cf-email; validation alerts identify persona and message; focus reaches cf-persona","evidence/closeout-browser-20260926.json","none","none","PASS","Bounded local scenario; no external delivery","","c4ea8a9 PASS","Exact bundle browser observation","continuation qualification"
"R044","Contact/menu","LOCAL c4ea8a9111fcdf7b66cff7db42347e7d38a3fefa","signed out","none","isolated SQL preview","Chrome; four widths where stated","Corporate contact responsive layout at 320/390/768/1440","Keyboard navigation or responsive layout works","document widths305/375/753/1425 respectively; no horizontal overflow","evidence/closeout-browser-20260926.json","none","none","PASS","Bounded local scenario; no external delivery","","c4ea8a9 PASS","Exact bundle browser observation","continuation qualification"
"R045","Three distinct synthetic users authenticated by real local GoTrue","LOCAL Docker services; c4ea8a9 source","synthetic real Auth identities","case-specific","actual local service records","HTTP/service; no browser claim","Three distinct synthetic users authenticated by real local GoTrue","Canonical authorization and persistence preserved","""Assertions passed""","evidence/closeout-local-services.json","synthetic fixture only","none","PASS","Local service versions differ from hosted production; No external delivery; Not a browser end-to-end assertion","","c4ea8a9 PASS","Actual local Docker GoTrue/PostgREST/Postgres; canonical guards, routes and SQL; synthetic users only","continuation qualification"
"R046","Real member denied canonical admin approval","LOCAL Docker services; c4ea8a9 source","synthetic real Auth identities","case-specific","actual local service records","HTTP/service; no browser claim","Real member denied canonical admin approval","Canonical authorization and persistence preserved","403","evidence/closeout-local-services.json","synthetic fixture only","none","PASS","Local service versions differ from hosted production; No external delivery; Not a browser end-to-end assertion","","c4ea8a9 PASS","Actual local Docker GoTrue/PostgREST/Postgres; canonical guards, routes and SQL; synthetic users only","continuation qualification"
"R047","Canonical admin approval through real PostgREST SQL","LOCAL Docker services; c4ea8a9 source","synthetic real Auth identities","case-specific","actual local service records","HTTP/service; no browser claim","Canonical admin approval through real PostgREST SQL","Canonical authorization and persistence preserved","200","evidence/closeout-local-services.json","synthetic fixture only","none","PASS","Local service versions differ from hosted production; No external delivery; Not a browser end-to-end assertion","","c4ea8a9 PASS","Actual local Docker GoTrue/PostgREST/Postgres; canonical guards, routes and SQL; synthetic users only","continuation qualification"
"R048","Approval replay remains one durable operation","LOCAL Docker services; c4ea8a9 source","synthetic real Auth identities","case-specific","actual local service records","HTTP/service; no browser claim","Approval replay remains one durable operation","Canonical authorization and persistence preserved","""Assertions passed""","evidence/closeout-local-services.json","synthetic fixture only","none","PASS","Local service versions differ from hosted production; No external delivery; Not a browser end-to-end assertion","","c4ea8a9 PASS","Actual local Docker GoTrue/PostgREST/Postgres; canonical guards, routes and SQL; synthetic users only","continuation qualification"
"R049","Status-purpose token denied","LOCAL Docker services; c4ea8a9 source","synthetic real Auth identities","case-specific","actual local service records","HTTP/service; no browser claim","Status-purpose token denied","Canonical authorization and persistence preserved","401","evidence/closeout-local-services.json","synthetic fixture only","none","PASS","Local service versions differ from hosted production; No external delivery; Not a browser end-to-end assertion","","c4ea8a9 PASS","Actual local Docker GoTrue/PostgREST/Postgres; canonical guards, routes and SQL; synthetic users only","continuation qualification"
"R050","Expired signed claim denied","LOCAL Docker services; c4ea8a9 source","synthetic real Auth identities","case-specific","actual local service records","HTTP/service; no browser claim","Expired signed claim denied","Canonical authorization and persistence preserved","401","evidence/closeout-local-services.json","synthetic fixture only","none","PASS","Local service versions differ from hosted production; No external delivery; Not a browser end-to-end assertion","","c4ea8a9 PASS","Actual local Docker GoTrue/PostgREST/Postgres; canonical guards, routes and SQL; synthetic users only","continuation qualification"
"R051","Separate real Auth owner denied foreign claim","LOCAL Docker services; c4ea8a9 source","synthetic real Auth identities","case-specific","actual local service records","HTTP/service; no browser claim","Separate real Auth owner denied foreign claim","Canonical authorization and persistence preserved","409","evidence/closeout-local-services.json","synthetic fixture only","none","PASS","Local service versions differ from hosted production; No external delivery; Not a browser end-to-end assertion","","c4ea8a9 PASS","Actual local Docker GoTrue/PostgREST/Postgres; canonical guards, routes and SQL; synthetic users only","continuation qualification"
"R052","Real GoTrue recovery-purpose session denied claim","LOCAL Docker services; c4ea8a9 source","synthetic real Auth identities","case-specific","actual local service records","HTTP/service; no browser claim","Real GoTrue recovery-purpose session denied claim","Canonical authorization and persistence preserved","409","evidence/closeout-local-services.json","synthetic fixture only","none","PASS","Local service versions differ from hosted production; No external delivery; Not a browser end-to-end assertion","","c4ea8a9 PASS","Actual local Docker GoTrue/PostgREST/Postgres; canonical guards, routes and SQL; synthetic users only","continuation qualification"
"R053","Verified owner claims approved membership through real SQL","LOCAL Docker services; c4ea8a9 source","synthetic real Auth identities","case-specific","actual local service records","HTTP/service; no browser claim","Verified owner claims approved membership through real SQL","Canonical authorization and persistence preserved","200","evidence/closeout-local-services.json","synthetic fixture only","none","PASS","Local service versions differ from hosted production; No external delivery; Not a browser end-to-end assertion","","c4ea8a9 PASS","Actual local Docker GoTrue/PostgREST/Postgres; canonical guards, routes and SQL; synthetic users only","continuation qualification"
"R054","Consumed claim replays without duplicate grant","LOCAL Docker services; c4ea8a9 source","synthetic real Auth identities","case-specific","actual local service records","HTTP/service; no browser claim","Consumed claim replays without duplicate grant","Canonical authorization and persistence preserved","200","evidence/closeout-local-services.json","synthetic fixture only","none","PASS","Local service versions differ from hosted production; No external delivery; Not a browser end-to-end assertion","","c4ea8a9 PASS","Actual local Docker GoTrue/PostgREST/Postgres; canonical guards, routes and SQL; synthetic users only","continuation qualification"
"R055","One matching member, no paid membership inference","LOCAL Docker services; c4ea8a9 source","synthetic real Auth identities","case-specific","actual local service records","HTTP/service; no browser claim","One matching member, no paid membership inference","Canonical authorization and persistence preserved","""Assertions passed""","evidence/closeout-local-services.json","synthetic fixture only","none","PASS","Local service versions differ from hosted production; No external delivery; Not a browser end-to-end assertion","","c4ea8a9 PASS","Actual local Docker GoTrue/PostgREST/Postgres; canonical guards, routes and SQL; synthetic users only","continuation qualification"
"R056","Outbox states do not claim external delivery","LOCAL Docker services; c4ea8a9 source","synthetic real Auth identities","case-specific","actual local service records","HTTP/service; no browser claim","Outbox states do not claim external delivery","Canonical authorization and persistence preserved","[{""event_type"":""approved_customer_claim"",""status"":""failed_retryable""},{""event_type"":""approved_customer_welcome"",""status"":""failed_retryable""}]","evidence/closeout-local-services.json","synthetic fixture only","none","PASS","Local service versions differ from hosted production; No external delivery; Not a browser end-to-end assertion","","c4ea8a9 PASS","Actual local Docker GoTrue/PostgREST/Postgres; canonical guards, routes and SQL; synthetic users only","continuation qualification"
"R057","Foreign authenticated REST principal cannot read member rows","LOCAL Docker services; c4ea8a9 source","synthetic real Auth identities","case-specific","actual local service records","HTTP/service; no browser claim","Foreign authenticated REST principal cannot read member rows","Canonical authorization and persistence preserved","""Assertions passed""","evidence/closeout-local-services.json","synthetic fixture only","none","PASS","Local service versions differ from hosted production; No external delivery; Not a browser end-to-end assertion","","c4ea8a9 PASS","Actual local Docker GoTrue/PostgREST/Postgres; canonical guards, routes and SQL; synthetic users only","continuation qualification"
"R058","Normal member cannot upload through canonical admin guard","LOCAL Docker services; c4ea8a9 source","synthetic real Auth identities","case-specific","actual local service records","HTTP/service; no browser claim","Normal member cannot upload through canonical admin guard","Canonical authorization and persistence preserved","""Assertions passed""","evidence/closeout-local-resource-bytes.json","synthetic fixture only","none","PASS","Synthetic partner records seeded with valid database constraints; lifecycle transitions tested separately; Local service versions are not hosted-production parity; HTTP/service evidence, not browser byte-download evidence","","c4ea8a9 PASS","Real local GoTrue/PostgREST/Postgres/Storage; canonical admin and member guards, partner owner resolver and resource service","continuation qualification"
"R059","Admin upload validates bytes and persists private object","LOCAL Docker services; c4ea8a9 source","synthetic real Auth identities","case-specific","actual local service records","HTTP/service; no browser claim","Admin upload validates bytes and persists private object","Canonical authorization and persistence preserved","""Assertions passed""","evidence/closeout-local-resource-bytes.json","synthetic fixture only","none","PASS","Synthetic partner records seeded with valid database constraints; lifecycle transitions tested separately; Local service versions are not hosted-production parity; HTTP/service evidence, not browser byte-download evidence","","c4ea8a9 PASS","Real local GoTrue/PostgREST/Postgres/Storage; canonical admin and member guards, partner owner resolver and resource service","continuation qualification"
"R060","Canonical admin review and atomic publish through real REST/SQL","LOCAL Docker services; c4ea8a9 source","synthetic real Auth identities","case-specific","actual local service records","HTTP/service; no browser claim","Canonical admin review and atomic publish through real REST/SQL","Canonical authorization and persistence preserved","""Assertions passed""","evidence/closeout-local-resource-bytes.json","synthetic fixture only","none","PASS","Synthetic partner records seeded with valid database constraints; lifecycle transitions tested separately; Local service versions are not hosted-production parity; HTTP/service evidence, not browser byte-download evidence","","c4ea8a9 PASS","Real local GoTrue/PostgREST/Postgres/Storage; canonical admin and member guards, partner owner resolver and resource service","continuation qualification"
"R061","In-audience partner receives exact private bytes through real Auth and owner resolution","LOCAL Docker services; c4ea8a9 source","synthetic real Auth identities","case-specific","actual local service records","HTTP/service; no browser claim","In-audience partner receives exact private bytes through real Auth and owner resolution","Canonical authorization and persistence preserved","""Assertions passed""","evidence/closeout-local-resource-bytes.json","synthetic fixture only","none","PASS","Synthetic partner records seeded with valid database constraints; lifecycle transitions tested separately; Local service versions are not hosted-production parity; HTTP/service evidence, not browser byte-download evidence","","c4ea8a9 PASS","Real local GoTrue/PostgREST/Postgres/Storage; canonical admin and member guards, partner owner resolver and resource service","continuation qualification"
"R062","Different real owner outside audience receives non-enumerating denial","LOCAL Docker services; c4ea8a9 source","synthetic real Auth identities","case-specific","actual local service records","HTTP/service; no browser claim","Different real owner outside audience receives non-enumerating denial","Canonical authorization and persistence preserved","""Assertions passed""","evidence/closeout-local-resource-bytes.json","synthetic fixture only","none","PASS","Synthetic partner records seeded with valid database constraints; lifecycle transitions tested separately; Local service versions are not hosted-production parity; HTTP/service evidence, not browser byte-download evidence","","c4ea8a9 PASS","Real local GoTrue/PostgREST/Postgres/Storage; canonical admin and member guards, partner owner resolver and resource service","continuation qualification"
"R063","Authorized app audience still cannot bypass server via direct Storage","LOCAL Docker services; c4ea8a9 source","synthetic real Auth identities","case-specific","actual local service records","HTTP/service; no browser claim","Authorized app audience still cannot bypass server via direct Storage","Canonical authorization and persistence preserved","""Assertions passed""","evidence/closeout-local-resource-bytes.json","synthetic fixture only","none","PASS","Synthetic partner records seeded with valid database constraints; lifecycle transitions tested separately; Local service versions are not hosted-production parity; HTTP/service evidence, not browser byte-download evidence","","c4ea8a9 PASS","Real local GoTrue/PostgREST/Postgres/Storage; canonical admin and member guards, partner owner resolver and resource service","continuation qualification"
"R064","Private object has no public download","LOCAL Docker services; c4ea8a9 source","synthetic real Auth identities","case-specific","actual local service records","HTTP/service; no browser claim","Private object has no public download","Canonical authorization and persistence preserved","""Assertions passed""","evidence/closeout-local-resource-bytes.json","synthetic fixture only","none","PASS","Synthetic partner records seeded with valid database constraints; lifecycle transitions tested separately; Local service versions are not hosted-production parity; HTTP/service evidence, not browser byte-download evidence","","c4ea8a9 PASS","Real local GoTrue/PostgREST/Postgres/Storage; canonical admin and member guards, partner owner resolver and resource service","continuation qualification"
"R065","Use-time suspension denies previously authorized owner","LOCAL Docker services; c4ea8a9 source","synthetic real Auth identities","case-specific","actual local service records","HTTP/service; no browser claim","Use-time suspension denies previously authorized owner","Canonical authorization and persistence preserved","""Assertions passed""","evidence/closeout-local-resource-bytes.json","synthetic fixture only","none","PASS","Synthetic partner records seeded with valid database constraints; lifecycle transitions tested separately; Local service versions are not hosted-production parity; HTTP/service evidence, not browser byte-download evidence","","c4ea8a9 PASS","Real local GoTrue/PostgREST/Postgres/Storage; canonical admin and member guards, partner owner resolver and resource service","continuation qualification"
"R066","Three app delivery attempts durably recorded","LOCAL Docker services; c4ea8a9 source","synthetic real Auth identities","case-specific","actual local service records","HTTP/service; no browser claim","Three app delivery attempts durably recorded","Canonical authorization and persistence preserved","[{""outcome"":""delivered""},{""outcome"":""denied""},{""outcome"":""denied""}]","evidence/closeout-local-resource-bytes.json","synthetic fixture only","none","PASS","Synthetic partner records seeded with valid database constraints; lifecycle transitions tested separately; Local service versions are not hosted-production parity; HTTP/service evidence, not browser byte-download evidence","","c4ea8a9 PASS","Real local GoTrue/PostgREST/Postgres/Storage; canonical admin and member guards, partner owner resolver and resource service","continuation qualification"
"R67","Approved member records survive restart","LOCAL Docker","synthetic fixture","retained SQL records","real local persisted data","HTTP/Storage; no browser claim","Approved member records survive restart","Data and byte identity retained","Pre/post restart snapshots equal","evidence/closeout-local-persistence.json","fixture-only","none","PASS","Not hosted production durability","","c4ea8a9 PASS","Actual local Docker database restart and real REST/Storage reads","continuation qualification"
"R68","Notification intent records survive restart","LOCAL Docker","synthetic fixture","retained SQL records","real local persisted data","HTTP/Storage; no browser claim","Notification intent records survive restart","Data and byte identity retained","Pre/post restart snapshots equal","evidence/closeout-local-persistence.json","fixture-only","none","PASS","Not hosted production durability","","c4ea8a9 PASS","Actual local Docker database restart and real REST/Storage reads","continuation qualification"
"R69","Delivery audit records survive restart","LOCAL Docker","synthetic fixture","retained SQL records","real local persisted data","HTTP/Storage; no browser claim","Delivery audit records survive restart","Data and byte identity retained","Pre/post restart snapshots equal","evidence/closeout-local-persistence.json","fixture-only","none","PASS","Not hosted production durability","","c4ea8a9 PASS","Actual local Docker database restart and real REST/Storage reads","continuation qualification"
"R70","Private object bytes still match canonical digest","LOCAL Docker","synthetic fixture","retained SQL records","real local persisted data","HTTP/Storage; no browser claim","Private object bytes still match canonical digest","Data and byte identity retained","Pre/post restart snapshots equal","evidence/closeout-local-persistence.json","fixture-only","none","PASS","Not hosted production durability","","c4ea8a9 PASS","Actual local Docker database restart and real REST/Storage reads","continuation qualification"
