group_id,channel,product,specification,workbook_raw_price,book_display,book_display_cents,last_recorded_live_cents,delta_cents,action
GRP-0036,Clinical / Provider Only,Dhea,DHEA 100MG CAPSULE,2.625,$2.62,262,263,-1,reprice to display cents
GRP-0075,Clinical / Provider Only,Ibutamoren,IBUTAMOREN 12.5MG CAPSULE,4.125,$4.12,412,413,-1,reprice to display cents
GRP-0076,Clinical / Provider Only,Ibutamoren,IBUTAMOREN 25MG CAPSULE,6.625,$6.62,662,663,-1,reprice to display cents
GRP-0092,Clinical / Provider Only,Low Dose Naltrexone,LOW DOSE NALTREXONE 1.5MG CAPSULE,2.125,$2.12,212,213,-1,reprice to display cents
GRP-0104,Clinical / Provider Only,Methylene Blue,METHYLENE BLUE 15MG CAPSULE,5.625,$5.62,562,563,-1,reprice to display cents
GRP-0116,Clinical / Provider Only,Oxandrolone,OXANDROLONE 25MG CAPSULE,5.625,$5.62,562,563,-1,reprice to display cents
GRP-0128,Clinical / Provider Only,Phentermine HCl,PHENTERMINE HCL 15MG CAPSULE,1.625,$1.62,162,163,-1,reprice to display cents
GRP-0129,Clinical / Provider Only,Phentermine HCl,PHENTERMINE HCL 30MG CAPSULE,1.625,$1.62,162,163,-1,reprice to display cents
GRP-0130,Clinical / Provider Only,Phentermine HCl,PHENTERMINE HCL 45MG CAPSULE,1.625,$1.62,162,163,-1,reprice to display cents
GRP-0172,Clinical / Provider Only,Sildenafil,SILDENAFIL 100MG TABLET,3.125,$3.12,312,313,-1,reprice to display cents
GRP-0199,Clinical / Provider Only,Tadalafil,TADALAFIL 5MG TABLET,4.625,$4.62,462,463,-1,reprice to display cents
GRP-0206,Clinical / Provider Only,Tamoxifen,TAMOXIFEN 10MG TABLET,3.125,$3.12,312,313,-1,reprice to display cents
GRP-0211,Clinical / Provider Only,Tesofensine,TESOFENSINE 500MCG CAPSULE,5.625,$5.62,562,563,-1,reprice to display cents
GRP-0303,RUO Research,Ipamorelin,IPAMORELIN 5 mg,153.125,$153.12,15312,15313,-1,reprice to display cents
GRP-0348,RUO Research,Tesamorelin,TESAMORELIN 5 mg,169.27499999999998,$169.27,16927,16927,0,no change (already display cents)
GRP-0371,Supplement,GI Defend,Retail unit / package,108.125,$108.12,10812,10813,-1,reprice to display cents
GRP-0379,Supplement,PeriMenopause Support,Retail unit / package,43.125,$43.12,4312,4313,-1,reprice to display cents
