provenance-start	0	0	2026-08-30T16:42:47Z	2026-08-30T16:42:48Z
runtime	0	0	2026-08-30T16:42:48Z	2026-08-30T16:42:49Z
assisted-production	0	0	2026-08-30T16:42:49Z	2026-08-30T16:43:11Z
endpoint-static-seo-hino	0	0	2026-08-30T16:43:11Z	2026-08-30T16:43:14Z
targeted-domains	0	0	2026-08-30T16:43:14Z	2026-08-30T16:45:48Z
tsc	0	0	2026-08-30T16:45:48Z	2026-08-30T16:46:33Z
build	0	0	2026-08-30T16:46:33Z	2026-08-30T16:46:45Z
e2e	0	0	2026-08-30T16:46:45Z	2026-08-30T16:46:48Z
full-suite	0	0	2026-08-30T16:46:48Z	2026-08-30T16:54:38Z
evidence-tests	0	0	2026-08-30T16:54:38Z	2026-08-30T16:54:44Z
route-census-parity	0	0	2026-08-30T16:54:44Z	2026-08-30T16:54:46Z
release-diff-selftest	0	0	2026-08-30T16:54:46Z	2026-08-30T16:54:46Z
route-uniqueness	0	0	2026-08-30T16:54:46Z	2026-08-30T16:54:53Z
migration-dag	0	0	2026-08-30T16:54:53Z	2026-08-30T16:54:54Z
production-state	0	0	2026-08-30T16:54:54Z	2026-08-30T16:55:10Z
check-release-control-plane	0	0	2026-08-30T16:55:10Z	2026-08-30T16:55:13Z
test-release-control-plane	0	0	2026-08-30T16:55:13Z	2026-08-30T16:55:34Z
core-site-protection	0	0	2026-08-30T16:55:34Z	2026-08-30T16:55:35Z
secret-scan	0	0	2026-08-30T16:55:35Z	2026-08-30T16:55:36Z
pii-scan-wrapper	0	0	2026-08-30T16:55:36Z	2026-08-30T16:55:37Z
provenance-end	0	0	2026-08-30T16:55:37Z	2026-08-30T16:55:38Z
