source_row_id,canonical_product_id,canonical_product,exact_variant_id,exact_sku,exact_strength,exact_presentation,planned_price_cents,currency,truth_state,website_action,public_visibility,checkout_eligible,candidate_disposition,blocker_codes
1,PEP-001,BPC-157 + TB-500 Research Blend,R360-BPC157_TB500-15MG_15MG-VIAL,R360-BPC157_TB500-15MG_15MG-VIAL,15 mg / 15 mg,Vial,29000,USD,pending_documentation,HELD_PENDING_GATES,Member/gated request access or held,false,hidden_draft_review_only,checkout_source_no|coa_pending|cold_chain_review_pending|documentation_coa_lot_identity_strength_pending|endotoxin_status_unverified|exact_product_image_pending|expiration_unconfirmed|fulfillment_unconfirmed|identity_test_unverified|inventory_unconfirmed|lot_missing|price_approval_pending|purity_test_unverified|shipping_requirements_pending|sterility_status_unverified|strength_confirmation_unresolved|supplier_fill_required|unresolved_dispute_confirmation
2,PEP-002,BPC-157 + TB-500 + GHK-Cu Research Blend,R360-BPC157_TB500_GHKCU-10MG_10MG_50MG-VIAL,R360-BPC157_TB500_GHKCU-10MG_10MG_50MG-VIAL,10 mg / 10 mg / 50 mg,Vial,21900,USD,pending_documentation,HELD_PENDING_GATES,Member/gated request access or held,false,hidden_draft_review_only,checkout_source_no|coa_pending|cold_chain_review_pending|component_order_confirmation_unresolved|documentation_coa_lot_identity_pending|endotoxin_status_unverified|exact_product_image_pending|expiration_unconfirmed|fulfillment_unconfirmed|identity_test_unverified|inventory_unconfirmed|lot_missing|price_approval_pending|purity_test_unverified|shipping_requirements_pending|sterility_status_unverified|supplier_fill_required|unresolved_dispute_confirmation
3,PEP-003,KLOW Research Blend,R360-TB500_BPC157_GHKCU_KPV-5MG_5MG_10MG_5MG-VIAL,R360-TB500_BPC157_GHKCU_KPV-5MG_5MG_10MG_5MG-VIAL,5 mg / 5 mg / 10 mg / 5 mg,Vial,29000,USD,pending_documentation,HELD_PENDING_GATES,Member/gated request access or held,false,hidden_draft_review_only,checkout_source_no|coa_pending|cold_chain_review_pending|documentation_coa_lot_identity_strength_pending|endotoxin_status_unverified|exact_product_image_pending|expiration_unconfirmed|fulfillment_unconfirmed|identity_test_unverified|inventory_unconfirmed|lot_missing|price_approval_pending|purity_test_unverified|shipping_requirements_pending|sterility_status_unverified|strength_confirmation_unresolved|supplier_fill_required|unresolved_dispute_confirmation
4,PEP-004,Thymosin Alpha-1 + KPV + LL-37 Research Blend,R360-THYMOSINALPHA1_KPV_LL37-5MG_5MG_5MG-VIAL,R360-THYMOSINALPHA1_KPV_LL37-5MG_5MG_5MG-VIAL,5 mg / 5 mg / 5 mg,Vial,34500,USD,pending_documentation,HELD_PENDING_GATES,Member/gated request access or held,false,hidden_draft_review_only,checkout_source_no|coa_pending|cold_chain_review_pending|documentation_coa_lot_identity_pending|endotoxin_status_unverified|exact_product_image_pending|expiration_unconfirmed|fulfillment_unconfirmed|identity_strength_documentation_pending|identity_test_unverified|inventory_unconfirmed|lot_missing|price_approval_pending|purity_test_unverified|shipping_requirements_pending|sterility_status_unverified|supplier_fill_required|unresolved_dispute_confirmation
5,PEP-005,CJC-1295 + Ipamorelin Research Blend,R360-CJC1295_IPAMORELIN-5MG_5MG-VIAL,R360-CJC1295_IPAMORELIN-5MG_5MG-VIAL,5 mg / 5 mg,Vial,10900,USD,pending_documentation,HELD_PENDING_GATES,Member/gated request access or held,false,hidden_draft_review_only,checkout_source_no|coa_pending|cold_chain_review_pending|documentation_coa_lot_identity_pending|endotoxin_status_unverified|exact_product_image_pending|expiration_unconfirmed|fulfillment_unconfirmed|identity_strength_documentation_pending|identity_test_unverified|inventory_unconfirmed|lot_missing|price_approval_pending|purity_test_unverified|shipping_requirements_pending|sterility_status_unverified|supplier_fill_required|unresolved_dispute_confirmation
6,PEP-005,CJC-1295 + Ipamorelin Research Blend,R360-CJC1295_IPAMORELIN-20MG-VIAL,R360-CJC1295_IPAMORELIN-20MG-VIAL,20 mg,Vial,26500,USD,request_access,REQUEST_ACCESS,Member/gated request access or held,false,hidden_draft_review_only,checkout_source_no|coa_pending|cold_chain_review_pending|documentation_coa_lot_identity_pending|endotoxin_status_unverified|exact_product_image_pending|expiration_unconfirmed|fulfillment_unconfirmed|identity_test_unverified|inventory_unconfirmed|lot_missing|presentation_supplier_confirmation_pending|price_approval_pending|purity_test_unverified|shipping_requirements_pending|sterility_status_unverified|supplier_fill_required|unresolved_dispute_confirmation
7,PEP-006,PT-141 Research Material,R360-PT141-10MG-VIAL,R360-PT141-10MG-VIAL,10 mg,Vial,5900,USD,pending_documentation,HELD_PENDING_GATES,Member/gated request access or held,false,hidden_draft_review_only,checkout_source_no|coa_pending|cold_chain_review_pending|documentation_coa_lot_identity_pending|endotoxin_status_unverified|exact_product_image_pending|expiration_unconfirmed|fulfillment_unconfirmed|identity_strength_documentation_pending|identity_test_unverified|inventory_unconfirmed|lot_missing|price_approval_pending|purity_test_unverified|shipping_requirements_pending|sterility_status_unverified|supplier_fill_required|unresolved_dispute_confirmation
8,PEP-007,Tesamorelin Research Material,R360-TESAMORELIN-10MG-VIAL,R360-TESAMORELIN-10MG-VIAL,10 mg,Vial,10900,USD,pending_documentation,HELD_PENDING_GATES,Member/gated request access or held,false,hidden_draft_review_only,checkout_source_no|coa_pending|cold_chain_review_pending|documentation_coa_lot_identity_strength_pending|endotoxin_status_unverified|exact_product_image_pending|expiration_unconfirmed|fulfillment_unconfirmed|identity_test_unverified|inventory_unconfirmed|lot_missing|price_approval_pending|purity_test_unverified|shipping_requirements_pending|sterility_status_unverified|strength_confirmation_unresolved|supplier_fill_required|unresolved_dispute_confirmation
9,PEP-007,Tesamorelin Research Material,R360-TESAMORELIN-20MG-VIAL,R360-TESAMORELIN-20MG-VIAL,20 mg,Vial,21000,USD,request_access,REQUEST_ACCESS,Member/gated request access or held,false,hidden_draft_review_only,checkout_source_no|coa_pending|cold_chain_review_pending|documentation_coa_lot_identity_pending|endotoxin_status_unverified|exact_product_image_pending|expiration_unconfirmed|fulfillment_unconfirmed|identity_test_unverified|inventory_unconfirmed|lot_missing|presentation_supplier_confirmation_pending|price_approval_pending|purity_test_unverified|shipping_requirements_pending|sterility_status_unverified|supplier_fill_required|unresolved_dispute_confirmation
10,PEP-008,Gonadorelin Research Material,R360-GONADORELIN-5MG-VIAL,R360-GONADORELIN-5MG-VIAL,5 mg,Vial,9500,USD,pending_documentation,HELD_PENDING_GATES,Member/gated request access or held,false,hidden_draft_review_only,checkout_source_no|coa_pending|cold_chain_review_pending|documentation_coa_lot_identity_strength_pending|endotoxin_status_unverified|exact_product_image_pending|expiration_unconfirmed|fulfillment_unconfirmed|identity_test_unverified|inventory_unconfirmed|lot_missing|price_approval_pending|purity_test_unverified|shipping_requirements_pending|sterility_status_unverified|strength_confirmation_unresolved|supplier_fill_required|unresolved_dispute_confirmation
11,PEP-009,NAD+ Research Material,R360-NAD-500MG-VIAL,R360-NAD-500MG-VIAL,500 mg,Vial,9900,USD,pending_documentation,HELD_PENDING_GATES,Member/gated request access or held,false,hidden_draft_review_only,checkout_source_no|coa_pending|cold_chain_review_pending|documentation_coa_lot_identity_strength_pending|endotoxin_status_unverified|exact_product_image_pending|expiration_unconfirmed|fulfillment_unconfirmed|identity_test_unverified|inventory_unconfirmed|lot_missing|price_approval_pending|purity_test_unverified|shipping_requirements_pending|sterility_status_unverified|strength_confirmation_unresolved|supplier_fill_required|unresolved_dispute_confirmation
12,PEP-009,NAD+ Research Material,R360-NAD-1000MG-VIAL,R360-NAD-1000MG-VIAL,1000 mg,Vial,18900,USD,request_access,REQUEST_ACCESS,Member/gated request access or held,false,hidden_draft_review_only,checkout_source_no|coa_pending|cold_chain_review_pending|documentation_coa_lot_identity_pending|endotoxin_status_unverified|exact_product_image_pending|expiration_unconfirmed|fulfillment_unconfirmed|identity_test_unverified|inventory_unconfirmed|lot_missing|presentation_supplier_confirmation_pending|price_approval_pending|purity_test_unverified|shipping_requirements_pending|sterility_status_unverified|supplier_fill_required|unresolved_dispute_confirmation
13,PEP-010,MOTS-C Research Material,R360-MOTSC-10MG-VIAL,R360-MOTSC-10MG-VIAL,10 mg,Vial,8900,USD,request_access,REQUEST_ACCESS,Member/gated request access or held,false,hidden_draft_review_only,checkout_source_no|coa_pending|cold_chain_review_pending|documentation_coa_lot_identity_strength_pending|endotoxin_status_unverified|exact_product_image_pending|expiration_unconfirmed|fulfillment_unconfirmed|identity_test_unverified|inventory_unconfirmed|lot_missing|price_approval_pending|purity_test_unverified|shipping_requirements_pending|sterility_status_unverified|strength_confirmation_unresolved|supplier_fill_required|unresolved_dispute_confirmation
14,PEP-010,MOTS-C Research Material,R360-MOTSC-40MG-VIAL,R360-MOTSC-40MG-VIAL,40 mg,Vial,21500,USD,request_access,REQUEST_ACCESS,Member/gated request access or held,false,hidden_draft_review_only,checkout_source_no|coa_pending|cold_chain_review_pending|documentation_coa_lot_identity_pending|endotoxin_status_unverified|exact_product_image_pending|expiration_unconfirmed|fulfillment_unconfirmed|identity_test_unverified|inventory_unconfirmed|lot_missing|presentation_supplier_confirmation_pending|price_approval_pending|purity_test_unverified|shipping_requirements_pending|sterility_status_unverified|supplier_fill_required|unresolved_dispute_confirmation
15,PEP-011,Epithalon Research Material,R360-EPITHALON-10MG-VIAL,R360-EPITHALON-10MG-VIAL,10 mg,Vial,10000,USD,request_access,REQUEST_ACCESS,Member/gated request access or held,false,hidden_draft_review_only,checkout_source_no|coa_pending|cold_chain_review_pending|documentation_coa_lot_identity_strength_pending|endotoxin_status_unverified|exact_product_image_pending|expiration_unconfirmed|fulfillment_unconfirmed|identity_test_unverified|inventory_unconfirmed|lot_missing|price_approval_pending|purity_test_unverified|shipping_requirements_pending|sterility_status_unverified|strength_confirmation_unresolved|supplier_fill_required|unresolved_dispute_confirmation
16,PEP-011,Epithalon Research Material,R360-EPITHALON-100MG-VIAL,R360-EPITHALON-100MG-VIAL,100 mg,Vial,15000,USD,request_access,REQUEST_ACCESS,Member/gated request access or held,false,hidden_draft_review_only,checkout_source_no|coa_pending|cold_chain_review_pending|documentation_coa_lot_identity_pending|endotoxin_status_unverified|exact_product_image_pending|expiration_unconfirmed|fulfillment_unconfirmed|identity_test_unverified|inventory_unconfirmed|lot_missing|presentation_supplier_confirmation_pending|price_approval_pending|purity_test_unverified|shipping_requirements_pending|sterility_status_unverified|supplier_fill_required|unresolved_dispute_confirmation
17,PEP-012,SS-31 Research Material,R360-SS31-10MG-VIAL,R360-SS31-10MG-VIAL,10 mg,Vial,19500,USD,pending_documentation,HELD_PENDING_GATES,Member/gated request access or held,false,hidden_draft_review_only,checkout_source_no|coa_pending|cold_chain_review_pending|documentation_coa_lot_identity_strength_pending|endotoxin_status_unverified|exact_product_image_pending|expiration_unconfirmed|fulfillment_unconfirmed|identity_test_unverified|inventory_unconfirmed|lot_missing|price_approval_pending|purity_test_unverified|shipping_requirements_pending|sterility_status_unverified|strength_confirmation_unresolved|supplier_fill_required|unresolved_dispute_confirmation
18,PEP-012,SS-31 Research Material,R360-SS31-50MG-VIAL,R360-SS31-50MG-VIAL,50 mg,Vial,26500,USD,request_access,REQUEST_ACCESS,Member/gated request access or held,false,hidden_draft_review_only,checkout_source_no|coa_pending|cold_chain_review_pending|documentation_coa_lot_identity_pending|endotoxin_status_unverified|exact_product_image_pending|expiration_unconfirmed|fulfillment_unconfirmed|identity_test_unverified|inventory_unconfirmed|lot_missing|presentation_supplier_confirmation_pending|price_approval_pending|purity_test_unverified|shipping_requirements_pending|sterility_status_unverified|supplier_fill_required|unresolved_dispute_confirmation
19,PEP-013,SLU-PP-332 Research Capsules,R360-SLUPP332-250MCGX100-CAP,R360-SLUPP332-250MCGX100-CAP,250 mcg,Capsule bottle,21500,USD,pending_documentation,HELD_PENDING_GATES,Member/gated request access or held,false,hidden_draft_review_only,checkout_source_no|coa_pending|cold_chain_review_pending|documentation_coa_lot_identity_strength_pending|endotoxin_status_unverified|exact_product_image_pending|expiration_unconfirmed|fulfillment_unconfirmed|identity_test_unverified|inventory_unconfirmed|lot_missing|price_approval_pending|purity_test_unverified|shipping_requirements_pending|sterility_status_unverified|strength_confirmation_unresolved|supplier_fill_required|unresolved_dispute_confirmation
20,PEP-014,Dihexa Research Capsules,R360-DIHEXA-10MGX60-CAP,R360-DIHEXA-10MGX60-CAP,10 mg,Capsule bottle,26000,USD,pending_documentation,HELD_PENDING_GATES,Member/gated request access or held,false,hidden_draft_review_only,checkout_source_no|coa_pending|cold_chain_review_pending|documentation_coa_lot_identity_pending|endotoxin_status_unverified|exact_product_image_pending|expiration_unconfirmed|fulfillment_unconfirmed|identity_strength_documentation_pending|identity_test_unverified|inventory_unconfirmed|lot_missing|price_approval_pending|purity_test_unverified|shipping_requirements_pending|sterility_status_unverified|supplier_fill_required|unresolved_dispute_confirmation
21,PEP-015,Semax + Selank + DSIP Research Blend,R360-SEMAX_SELANK_DSIP-10MG_10MG_2MG-VIAL,R360-SEMAX_SELANK_DSIP-10MG_10MG_2MG-VIAL,10 mg / 10 mg / 2 mg,Vial,21500,USD,request_access,REQUEST_ACCESS,Member/gated request access or held,false,hidden_draft_review_only,checkout_source_no|coa_pending|cold_chain_review_pending|documentation_coa_lot_identity_strength_pending|endotoxin_status_unverified|exact_product_image_pending|expiration_unconfirmed|fulfillment_unconfirmed|identity_test_unverified|inventory_unconfirmed|lot_missing|price_approval_pending|purity_test_unverified|shipping_requirements_pending|sterility_status_unverified|strength_confirmation_unresolved|supplier_fill_required|unresolved_dispute_confirmation
22,PEX-001,BPC-157 Research Material,R360-BPC157-10MG-VIAL,R360-BPC157-10MG-VIAL,10 mg,Vial,9900,USD,request_access,REQUEST_ACCESS,Member/gated request access or held,false,hidden_draft_review_only,checkout_source_no|coa_pending|cold_chain_review_pending|documentation_coa_lot_identity_pending|endotoxin_status_unverified|exact_product_image_pending|expiration_unconfirmed|fulfillment_unconfirmed|identity_test_unverified|inventory_unconfirmed|lot_missing|presentation_supplier_confirmation_pending|price_approval_pending|purity_test_unverified|shipping_requirements_pending|sterility_status_unverified|supplier_fill_required|unresolved_dispute_confirmation
23,PEX-001,BPC-157 Research Material,R360-BPC157-20MG-VIAL,R360-BPC157-20MG-VIAL,20 mg,Vial,18000,USD,request_access,REQUEST_ACCESS,Member/gated request access or held,false,hidden_draft_review_only,checkout_source_no|coa_pending|cold_chain_review_pending|documentation_coa_lot_identity_pending|endotoxin_status_unverified|exact_product_image_pending|expiration_unconfirmed|fulfillment_unconfirmed|identity_test_unverified|inventory_unconfirmed|lot_missing|presentation_supplier_confirmation_pending|price_approval_pending|purity_test_unverified|shipping_requirements_pending|sterility_status_unverified|supplier_fill_required|unresolved_dispute_confirmation
24,PEX-002,TB-500 Research Material,R360-TB500-10MG-VIAL,R360-TB500-10MG-VIAL,10 mg,Vial,16500,USD,request_access,REQUEST_ACCESS,Member/gated request access or held,false,hidden_draft_review_only,checkout_source_no|coa_pending|cold_chain_review_pending|documentation_coa_lot_identity_pending|endotoxin_status_unverified|exact_product_image_pending|expiration_unconfirmed|fulfillment_unconfirmed|identity_test_unverified|inventory_unconfirmed|lot_missing|presentation_supplier_confirmation_pending|price_approval_pending|purity_test_unverified|shipping_requirements_pending|sterility_status_unverified|supplier_fill_required|unresolved_dispute_confirmation
25,PEX-003,GHK-Cu Research Material,R360-GHKCU-100MG-VIAL,R360-GHKCU-100MG-VIAL,100 mg,Vial,5900,USD,request_access,REQUEST_ACCESS,Member/gated request access or held,false,hidden_draft_review_only,checkout_source_no|coa_pending|cold_chain_review_pending|documentation_coa_lot_identity_pending|endotoxin_status_unverified|exact_product_image_pending|expiration_unconfirmed|fulfillment_unconfirmed|identity_test_unverified|inventory_unconfirmed|lot_missing|presentation_supplier_confirmation_pending|price_approval_pending|purity_test_unverified|shipping_requirements_pending|sterility_status_unverified|supplier_fill_required|unresolved_dispute_confirmation
26,PEX-004,KPV Research Material,R360-KPV-10MG-VIAL,R360-KPV-10MG-VIAL,10 mg,Vial,9900,USD,request_access,REQUEST_ACCESS,Member/gated request access or held,false,hidden_draft_review_only,checkout_source_no|coa_pending|cold_chain_review_pending|documentation_coa_lot_identity_pending|endotoxin_status_unverified|exact_product_image_pending|expiration_unconfirmed|fulfillment_unconfirmed|identity_test_unverified|inventory_unconfirmed|lot_missing|presentation_supplier_confirmation_pending|price_approval_pending|purity_test_unverified|shipping_requirements_pending|sterility_status_unverified|supplier_fill_required|unresolved_dispute_confirmation
27,PEX-005,Semax Research Material,R360-SEMAX-10MG-VIAL,R360-SEMAX-10MG-VIAL,10 mg,Vial,5900,USD,request_access,REQUEST_ACCESS,Member/gated request access or held,false,hidden_draft_review_only,checkout_source_no|coa_pending|cold_chain_review_pending|documentation_coa_lot_identity_pending|endotoxin_status_unverified|exact_product_image_pending|expiration_unconfirmed|fulfillment_unconfirmed|identity_test_unverified|inventory_unconfirmed|lot_missing|presentation_supplier_confirmation_pending|price_approval_pending|purity_test_unverified|shipping_requirements_pending|sterility_status_unverified|supplier_fill_required|unresolved_dispute_confirmation
28,PEX-005,Semax Research Material,R360-SEMAX-30MG-VIAL,R360-SEMAX-30MG-VIAL,30 mg,Vial,20000,USD,request_access,REQUEST_ACCESS,Member/gated request access or held,false,hidden_draft_review_only,checkout_source_no|coa_pending|cold_chain_review_pending|documentation_coa_lot_identity_pending|endotoxin_status_unverified|exact_product_image_pending|expiration_unconfirmed|fulfillment_unconfirmed|identity_test_unverified|inventory_unconfirmed|lot_missing|presentation_supplier_confirmation_pending|price_approval_pending|purity_test_unverified|shipping_requirements_pending|sterility_status_unverified|supplier_fill_required|unresolved_dispute_confirmation
29,PEX-006,Selank Research Material,R360-SELANK-10MG-VIAL,R360-SELANK-10MG-VIAL,10 mg,Vial,5900,USD,request_access,REQUEST_ACCESS,Member/gated request access or held,false,hidden_draft_review_only,checkout_source_no|coa_pending|cold_chain_review_pending|documentation_coa_lot_identity_pending|endotoxin_status_unverified|exact_product_image_pending|expiration_unconfirmed|fulfillment_unconfirmed|identity_test_unverified|inventory_unconfirmed|lot_missing|presentation_supplier_confirmation_pending|price_approval_pending|purity_test_unverified|shipping_requirements_pending|sterility_status_unverified|supplier_fill_required|unresolved_dispute_confirmation
30,PEX-007,DSIP Research Material,R360-DSIP-15MG-VIAL,R360-DSIP-15MG-VIAL,15 mg,Vial,14000,USD,request_access,REQUEST_ACCESS,Member/gated request access or held,false,hidden_draft_review_only,checkout_source_no|coa_pending|cold_chain_review_pending|documentation_coa_lot_identity_pending|endotoxin_status_unverified|exact_product_image_pending|expiration_unconfirmed|fulfillment_unconfirmed|identity_test_unverified|inventory_unconfirmed|lot_missing|presentation_supplier_confirmation_pending|price_approval_pending|purity_test_unverified|shipping_requirements_pending|sterility_status_unverified|supplier_fill_required|unresolved_dispute_confirmation
31,PEX-008,Thymosin Alpha-1 Research Material,R360-THYMOSINALPHA1-10MG-VIAL,R360-THYMOSINALPHA1-10MG-VIAL,10 mg,Vial,10900,USD,request_access,REQUEST_ACCESS,Member/gated request access or held,false,hidden_draft_review_only,checkout_source_no|coa_pending|cold_chain_review_pending|documentation_coa_lot_identity_pending|endotoxin_status_unverified|exact_product_image_pending|expiration_unconfirmed|fulfillment_unconfirmed|identity_test_unverified|inventory_unconfirmed|lot_missing|presentation_supplier_confirmation_pending|price_approval_pending|purity_test_unverified|shipping_requirements_pending|sterility_status_unverified|supplier_fill_required|unresolved_dispute_confirmation
32,PEX-009,Ipamorelin Research Material,R360-IPAMORELIN-10MG-VIAL,R360-IPAMORELIN-10MG-VIAL,10 mg,Vial,8900,USD,request_access,REQUEST_ACCESS,Member/gated request access or held,false,hidden_draft_review_only,checkout_source_no|coa_pending|cold_chain_review_pending|documentation_coa_lot_identity_pending|endotoxin_status_unverified|exact_product_image_pending|expiration_unconfirmed|fulfillment_unconfirmed|identity_test_unverified|inventory_unconfirmed|lot_missing|presentation_supplier_confirmation_pending|price_approval_pending|purity_test_unverified|shipping_requirements_pending|sterility_status_unverified|supplier_fill_required|unresolved_dispute_confirmation
33,PEX-010,5-Amino-1MQ Research Material,R360-5AMINO1MQ-5MG-VIAL,R360-5AMINO1MQ-5MG-VIAL,5 mg,Vial,15000,USD,request_access,REQUEST_ACCESS,Member/gated request access or held,false,hidden_draft_review_only,checkout_source_no|coa_pending|cold_chain_review_pending|documentation_coa_lot_identity_pending|endotoxin_status_unverified|exact_product_image_pending|expiration_unconfirmed|fulfillment_unconfirmed|identity_test_unverified|inventory_unconfirmed|lot_missing|presentation_supplier_confirmation_pending|price_approval_pending|purity_test_unverified|shipping_requirements_pending|sterility_status_unverified|supplier_fill_required|unresolved_dispute_confirmation
34,PEX-010,5-Amino-1MQ Research Material,R360-5AMINO1MQ-50MG-VIAL,R360-5AMINO1MQ-50MG-VIAL,50 mg,Vial,33000,USD,request_access,REQUEST_ACCESS,Member/gated request access or held,false,hidden_draft_review_only,checkout_source_no|coa_pending|cold_chain_review_pending|documentation_coa_lot_identity_pending|endotoxin_status_unverified|exact_product_image_pending|expiration_unconfirmed|fulfillment_unconfirmed|identity_test_unverified|inventory_unconfirmed|lot_missing|presentation_supplier_confirmation_pending|price_approval_pending|purity_test_unverified|shipping_requirements_pending|sterility_status_unverified|supplier_fill_required|unresolved_dispute_confirmation
35,PEX-011,Adamax Research Material,R360-ADAMAX-10MG-VIAL,R360-ADAMAX-10MG-VIAL,10 mg,Vial,12500,USD,request_access,REQUEST_ACCESS,Member/gated request access or held,false,hidden_draft_review_only,checkout_source_no|coa_pending|cold_chain_review_pending|documentation_coa_lot_identity_pending|endotoxin_status_unverified|exact_product_image_pending|expiration_unconfirmed|fulfillment_unconfirmed|identity_test_unverified|inventory_unconfirmed|lot_missing|presentation_supplier_confirmation_pending|price_approval_pending|purity_test_unverified|shipping_requirements_pending|sterility_status_unverified|supplier_fill_required|unresolved_dispute_confirmation
36,PEX-012,AOD-9604 Research Material,R360-AOD9604-5MG-VIAL,R360-AOD9604-5MG-VIAL,5 mg,Vial,8900,USD,request_access,REQUEST_ACCESS,Member/gated request access or held,false,hidden_draft_review_only,checkout_source_no|coa_pending|cold_chain_review_pending|documentation_coa_lot_identity_pending|endotoxin_status_unverified|exact_product_image_pending|expiration_unconfirmed|fulfillment_unconfirmed|identity_test_unverified|inventory_unconfirmed|lot_missing|presentation_supplier_confirmation_pending|price_approval_pending|purity_test_unverified|shipping_requirements_pending|sterility_status_unverified|supplier_fill_required|unresolved_dispute_confirmation
37,PEX-012,AOD-9604 Research Material,R360-AOD9604-10MG-VIAL,R360-AOD9604-10MG-VIAL,10 mg,Vial,19000,USD,request_access,REQUEST_ACCESS,Member/gated request access or held,false,hidden_draft_review_only,checkout_source_no|coa_pending|cold_chain_review_pending|documentation_coa_lot_identity_pending|endotoxin_status_unverified|exact_product_image_pending|expiration_unconfirmed|fulfillment_unconfirmed|identity_test_unverified|inventory_unconfirmed|lot_missing|presentation_supplier_confirmation_pending|price_approval_pending|purity_test_unverified|shipping_requirements_pending|sterility_status_unverified|supplier_fill_required|unresolved_dispute_confirmation
38,PEX-013,CJC-1295 with DAC Research Material,R360-CJC1295DAC-5MG-VIAL,R360-CJC1295DAC-5MG-VIAL,5 mg,Vial,16500,USD,request_access,REQUEST_ACCESS,Member/gated request access or held,false,hidden_draft_review_only,checkout_source_no|coa_pending|cold_chain_review_pending|documentation_coa_lot_identity_pending|endotoxin_status_unverified|exact_product_image_pending|expiration_unconfirmed|fulfillment_unconfirmed|identity_test_unverified|inventory_unconfirmed|lot_missing|presentation_supplier_confirmation_pending|price_approval_pending|purity_test_unverified|shipping_requirements_pending|sterility_status_unverified|supplier_fill_required|unresolved_dispute_confirmation
39,PEX-014,Follistatin Research Material,R360-FOLLISTATIN-1MG-VIAL,R360-FOLLISTATIN-1MG-VIAL,1 mg,Vial,23000,USD,request_access,REQUEST_ACCESS,Member/gated request access or held,false,hidden_draft_review_only,checkout_source_no|coa_pending|cold_chain_review_pending|documentation_coa_lot_identity_pending|endotoxin_status_unverified|exact_product_image_pending|expiration_unconfirmed|fulfillment_unconfirmed|identity_test_unverified|inventory_unconfirmed|lot_missing|presentation_supplier_confirmation_pending|price_approval_pending|purity_test_unverified|shipping_requirements_pending|sterility_status_unverified|supplier_fill_required|unresolved_dispute_confirmation
40,PEX-015,Glutathione Research Material,R360-GLUTATHIONE-600MG-VIAL,R360-GLUTATHIONE-600MG-VIAL,600 mg,Vial,14000,USD,request_access,REQUEST_ACCESS,Member/gated request access or held,false,hidden_draft_review_only,checkout_source_no|coa_pending|cold_chain_review_pending|documentation_coa_lot_identity_pending|endotoxin_status_unverified|exact_product_image_pending|expiration_unconfirmed|fulfillment_unconfirmed|identity_test_unverified|inventory_unconfirmed|lot_missing|presentation_supplier_confirmation_pending|price_approval_pending|purity_test_unverified|shipping_requirements_pending|sterility_status_unverified|supplier_fill_required|unresolved_dispute_confirmation
41,PEX-015,Glutathione Research Material,R360-GLUTATHIONE-1500MG-VIAL,R360-GLUTATHIONE-1500MG-VIAL,1500 mg,Vial,19000,USD,request_access,REQUEST_ACCESS,Member/gated request access or held,false,hidden_draft_review_only,checkout_source_no|coa_pending|cold_chain_review_pending|documentation_coa_lot_identity_pending|endotoxin_status_unverified|exact_product_image_pending|expiration_unconfirmed|fulfillment_unconfirmed|identity_test_unverified|inventory_unconfirmed|lot_missing|presentation_supplier_confirmation_pending|price_approval_pending|purity_test_unverified|shipping_requirements_pending|sterility_status_unverified|supplier_fill_required|unresolved_dispute_confirmation
42,PEX-016,HCG Research Material,R360-HCG-5000IU-VIAL,R360-HCG-5000IU-VIAL,5000 IU,Vial,15000,USD,request_access,REQUEST_ACCESS,Member/gated request access or held,false,hidden_draft_review_only,checkout_source_no|coa_pending|cold_chain_review_pending|documentation_coa_lot_identity_pending|endotoxin_status_unverified|exact_product_image_pending|expiration_unconfirmed|fulfillment_unconfirmed|identity_test_unverified|inventory_unconfirmed|lot_missing|presentation_supplier_confirmation_pending|price_approval_pending|purity_test_unverified|shipping_requirements_pending|sterility_status_unverified|supplier_fill_required|unresolved_dispute_confirmation
43,PEX-017,IGF-1 LR3 Research Material,R360-IGF1LR3-0P1MG-VIAL,R360-IGF1LR3-0P1MG-VIAL,0.1 mg,Vial,7500,USD,request_access,REQUEST_ACCESS,Member/gated request access or held,false,hidden_draft_review_only,checkout_source_no|coa_pending|cold_chain_review_pending|documentation_coa_lot_identity_pending|endotoxin_status_unverified|exact_product_image_pending|expiration_unconfirmed|fulfillment_unconfirmed|identity_test_unverified|inventory_unconfirmed|lot_missing|presentation_supplier_confirmation_pending|price_approval_pending|purity_test_unverified|shipping_requirements_pending|sterility_status_unverified|supplier_fill_required|unresolved_dispute_confirmation
44,PEX-017,IGF-1 LR3 Research Material,R360-IGF1LR3-1MG-VIAL,R360-IGF1LR3-1MG-VIAL,1 mg,Vial,16500,USD,request_access,REQUEST_ACCESS,Member/gated request access or held,false,hidden_draft_review_only,checkout_source_no|coa_pending|cold_chain_review_pending|documentation_coa_lot_identity_pending|endotoxin_status_unverified|exact_product_image_pending|expiration_unconfirmed|fulfillment_unconfirmed|identity_test_unverified|inventory_unconfirmed|lot_missing|presentation_supplier_confirmation_pending|price_approval_pending|purity_test_unverified|shipping_requirements_pending|sterility_status_unverified|supplier_fill_required|unresolved_dispute_confirmation
45,PEX-018,Kisspeptin-10 Research Material,R360-KISSPEPTIN10-10MG-VIAL,R360-KISSPEPTIN10-10MG-VIAL,10 mg,Vial,7900,USD,request_access,REQUEST_ACCESS,Member/gated request access or held,false,hidden_draft_review_only,checkout_source_no|coa_pending|cold_chain_review_pending|documentation_coa_lot_identity_pending|endotoxin_status_unverified|exact_product_image_pending|expiration_unconfirmed|fulfillment_unconfirmed|identity_test_unverified|inventory_unconfirmed|lot_missing|presentation_supplier_confirmation_pending|price_approval_pending|purity_test_unverified|shipping_requirements_pending|sterility_status_unverified|supplier_fill_required|unresolved_dispute_confirmation
46,PEX-019,L-Carnitine Research Material,R360-LCARNITINE-600MG-VIAL,R360-LCARNITINE-600MG-VIAL,600 mg,Vial,10000,USD,request_access,REQUEST_ACCESS,Member/gated request access or held,false,hidden_draft_review_only,checkout_source_no|coa_pending|cold_chain_review_pending|documentation_coa_lot_identity_pending|endotoxin_status_unverified|exact_product_image_pending|expiration_unconfirmed|fulfillment_unconfirmed|identity_test_unverified|inventory_unconfirmed|lot_missing|presentation_supplier_confirmation_pending|price_approval_pending|purity_test_unverified|shipping_requirements_pending|sterility_status_unverified|supplier_fill_required|unresolved_dispute_confirmation
47,PEX-020,LIPO-C Research Material,R360-LIPOC-100MG-VIAL,R360-LIPOC-100MG-VIAL,100 mg,Vial,14000,USD,request_access,REQUEST_ACCESS,Member/gated request access or held,false,hidden_draft_review_only,checkout_source_no|coa_pending|cold_chain_review_pending|documentation_coa_lot_identity_pending|endotoxin_status_unverified|exact_product_image_pending|expiration_unconfirmed|fulfillment_unconfirmed|identity_test_unverified|inventory_unconfirmed|lot_missing|presentation_supplier_confirmation_pending|price_approval_pending|purity_test_unverified|shipping_requirements_pending|sterility_status_unverified|supplier_fill_required|unresolved_dispute_confirmation
48,PEX-021,Melanotan I Research Material,R360-MELANOTAN1-10MG-VIAL,R360-MELANOTAN1-10MG-VIAL,10 mg,Vial,12500,USD,request_access,REQUEST_ACCESS,Member/gated request access or held,false,hidden_draft_review_only,checkout_source_no|coa_pending|cold_chain_review_pending|documentation_coa_lot_identity_pending|endotoxin_status_unverified|exact_product_image_pending|expiration_unconfirmed|fulfillment_unconfirmed|identity_test_unverified|inventory_unconfirmed|lot_missing|presentation_supplier_confirmation_pending|price_approval_pending|purity_test_unverified|shipping_requirements_pending|sterility_status_unverified|supplier_fill_required|unresolved_dispute_confirmation
49,PEX-022,Melanotan II Research Material,R360-MELANOTAN2-10MG-VIAL,R360-MELANOTAN2-10MG-VIAL,10 mg,Vial,4900,USD,request_access,REQUEST_ACCESS,Member/gated request access or held,false,hidden_draft_review_only,checkout_source_no|coa_pending|cold_chain_review_pending|documentation_coa_lot_identity_pending|endotoxin_status_unverified|exact_product_image_pending|expiration_unconfirmed|fulfillment_unconfirmed|identity_test_unverified|inventory_unconfirmed|lot_missing|presentation_supplier_confirmation_pending|price_approval_pending|purity_test_unverified|shipping_requirements_pending|sterility_status_unverified|supplier_fill_required|unresolved_dispute_confirmation
50,PEX-023,Sermorelin Research Material,R360-SERMORELIN-10MG-VIAL,R360-SERMORELIN-10MG-VIAL,10 mg,Vial,16500,USD,request_access,REQUEST_ACCESS,Member/gated request access or held,false,hidden_draft_review_only,checkout_source_no|coa_pending|cold_chain_review_pending|documentation_coa_lot_identity_pending|endotoxin_status_unverified|exact_product_image_pending|expiration_unconfirmed|fulfillment_unconfirmed|identity_test_unverified|inventory_unconfirmed|lot_missing|presentation_supplier_confirmation_pending|price_approval_pending|purity_test_unverified|shipping_requirements_pending|sterility_status_unverified|supplier_fill_required|unresolved_dispute_confirmation
51,PEX-024,Thymalin Research Material,R360-THYMALIN-10MG-VIAL,R360-THYMALIN-10MG-VIAL,10 mg,Vial,12500,USD,request_access,REQUEST_ACCESS,Member/gated request access or held,false,hidden_draft_review_only,checkout_source_no|coa_pending|cold_chain_review_pending|documentation_coa_lot_identity_pending|endotoxin_status_unverified|exact_product_image_pending|expiration_unconfirmed|fulfillment_unconfirmed|identity_test_unverified|inventory_unconfirmed|lot_missing|presentation_supplier_confirmation_pending|price_approval_pending|purity_test_unverified|shipping_requirements_pending|sterility_status_unverified|supplier_fill_required|unresolved_dispute_confirmation
52,PEX-025,VIP Research Material,R360-VIP-10MG-VIAL,R360-VIP-10MG-VIAL,10 mg,Vial,14500,USD,request_access,REQUEST_ACCESS,Member/gated request access or held,false,hidden_draft_review_only,checkout_source_no|coa_pending|cold_chain_review_pending|documentation_coa_lot_identity_pending|endotoxin_status_unverified|exact_product_image_pending|expiration_unconfirmed|fulfillment_unconfirmed|identity_test_unverified|inventory_unconfirmed|lot_missing|presentation_supplier_confirmation_pending|price_approval_pending|purity_test_unverified|shipping_requirements_pending|sterility_status_unverified|supplier_fill_required|unresolved_dispute_confirmation
53,PEX-026,Semax + Selank Research Blend,R360-SEMAX_SELANK-10MG-VIAL,R360-SEMAX_SELANK-10MG-VIAL,10 mg,Vial,16500,USD,request_access,REQUEST_ACCESS,Member/gated request access or held,false,hidden_draft_review_only,checkout_source_no|coa_pending|cold_chain_review_pending|documentation_coa_lot_identity_pending|endotoxin_status_unverified|exact_product_image_pending|expiration_unconfirmed|fulfillment_unconfirmed|identity_test_unverified|inventory_unconfirmed|lot_missing|presentation_supplier_confirmation_pending|price_approval_pending|purity_test_unverified|shipping_requirements_pending|sterility_status_unverified|supplier_fill_required|unresolved_dispute_confirmation
54,PEX-027,Tesamorelin + Ipamorelin Research Blend,R360-TESAMORELIN_IPAMORELIN-15MG-VIAL,R360-TESAMORELIN_IPAMORELIN-15MG-VIAL,15 mg,Vial,19000,USD,request_access,REQUEST_ACCESS,Member/gated request access or held,false,hidden_draft_review_only,checkout_source_no|coa_pending|cold_chain_review_pending|documentation_coa_lot_identity_pending|endotoxin_status_unverified|exact_product_image_pending|expiration_unconfirmed|fulfillment_unconfirmed|identity_test_unverified|inventory_unconfirmed|lot_missing|presentation_supplier_confirmation_pending|price_approval_pending|purity_test_unverified|shipping_requirements_pending|sterility_status_unverified|supplier_fill_required|unresolved_dispute_confirmation
55,PRH-001,Semaglutide,R360-SEMAGLUTIDE-10MG-VIAL,R360-SEMAGLUTIDE-10MG-VIAL,10 mg,Vial,9900,USD,unavailable,UNAVAILABLE,Hidden or unavailable,false,hidden_draft_review_only,checkout_source_no|coa_supplier_confirmation_pending|cold_chain_review_pending|endotoxin_status_unverified|exact_product_image_pending|expiration_unconfirmed|fulfillment_unconfirmed|identity_test_unverified|inventory_unconfirmed|lot_missing|price_approval_pending|purity_test_unverified|research_offer_unavailable|shipping_requirements_pending|sterility_status_unverified|supplier_fill_required|supplier_product_control_documents_pending|supplier_product_control_review_pending|unresolved_dispute_confirmation
56,PRH-001,Semaglutide,R360-SEMAGLUTIDE-15MG-VIAL,R360-SEMAGLUTIDE-15MG-VIAL,15 mg,Vial,,USD,unavailable,UNAVAILABLE,Hidden or unavailable,false,hidden_draft_review_only,checkout_source_no|coa_supplier_confirmation_pending|cold_chain_review_pending|endotoxin_status_unverified|exact_product_image_pending|expiration_unconfirmed|fulfillment_unconfirmed|identity_test_unverified|inventory_unconfirmed|lot_missing|planned_price_missing|purity_test_unverified|research_offer_unavailable|shipping_requirements_pending|sterility_status_unverified|supplier_fill_required|supplier_product_control_documents_pending|supplier_product_control_review_pending|unresolved_dispute_confirmation
57,PRH-001,Semaglutide,R360-SEMAGLUTIDE-20MG-VIAL,R360-SEMAGLUTIDE-20MG-VIAL,20 mg,Vial,,USD,unavailable,UNAVAILABLE,Hidden or unavailable,false,hidden_draft_review_only,checkout_source_no|coa_supplier_confirmation_pending|cold_chain_review_pending|endotoxin_status_unverified|exact_product_image_pending|expiration_unconfirmed|fulfillment_unconfirmed|identity_test_unverified|inventory_unconfirmed|lot_missing|planned_price_missing|purity_test_unverified|research_offer_unavailable|shipping_requirements_pending|sterility_status_unverified|supplier_fill_required|supplier_product_control_documents_pending|supplier_product_control_review_pending|unresolved_dispute_confirmation
58,PRH-001,Semaglutide,R360-SEMAGLUTIDE-30MG-VIAL,R360-SEMAGLUTIDE-30MG-VIAL,30 mg,Vial,,USD,unavailable,UNAVAILABLE,Hidden or unavailable,false,hidden_draft_review_only,checkout_source_no|coa_supplier_confirmation_pending|cold_chain_review_pending|endotoxin_status_unverified|exact_product_image_pending|expiration_unconfirmed|fulfillment_unconfirmed|identity_test_unverified|inventory_unconfirmed|lot_missing|planned_price_missing|purity_test_unverified|research_offer_unavailable|shipping_requirements_pending|sterility_status_unverified|supplier_fill_required|supplier_product_control_documents_pending|supplier_product_control_review_pending|unresolved_dispute_confirmation
59,PRH-001,Semaglutide,R360-SEMAGLUTIDE-50MG-VIAL,R360-SEMAGLUTIDE-50MG-VIAL,50 mg,Vial,,USD,unavailable,UNAVAILABLE,Hidden or unavailable,false,hidden_draft_review_only,checkout_source_no|coa_supplier_confirmation_pending|cold_chain_review_pending|endotoxin_status_unverified|exact_product_image_pending|expiration_unconfirmed|fulfillment_unconfirmed|identity_test_unverified|inventory_unconfirmed|lot_missing|planned_price_missing|purity_test_unverified|research_offer_unavailable|shipping_requirements_pending|sterility_status_unverified|supplier_fill_required|supplier_product_control_documents_pending|supplier_product_control_review_pending|unresolved_dispute_confirmation
60,PRH-002,Tirzepatide,R360-TIRZEPATIDE-10MG-VIAL,R360-TIRZEPATIDE-10MG-VIAL,10 mg,Vial,11900,USD,unavailable,UNAVAILABLE,Hidden or unavailable,false,hidden_draft_review_only,checkout_source_no|coa_supplier_confirmation_pending|cold_chain_review_pending|endotoxin_status_unverified|exact_product_image_pending|expiration_unconfirmed|fulfillment_unconfirmed|identity_test_unverified|inventory_unconfirmed|lot_missing|price_approval_pending|purity_test_unverified|research_offer_unavailable|shipping_requirements_pending|sterility_status_unverified|supplier_fill_required|supplier_product_control_documents_pending|supplier_product_control_review_pending|unresolved_dispute_confirmation
61,PRH-002,Tirzepatide,R360-TIRZEPATIDE-20MG-VIAL,R360-TIRZEPATIDE-20MG-VIAL,20 mg,Vial,,USD,unavailable,UNAVAILABLE,Hidden or unavailable,false,hidden_draft_review_only,checkout_source_no|coa_supplier_confirmation_pending|cold_chain_review_pending|endotoxin_status_unverified|exact_product_image_pending|expiration_unconfirmed|fulfillment_unconfirmed|identity_test_unverified|inventory_unconfirmed|lot_missing|planned_price_missing|purity_test_unverified|research_offer_unavailable|shipping_requirements_pending|sterility_status_unverified|supplier_fill_required|supplier_product_control_documents_pending|supplier_product_control_review_pending|unresolved_dispute_confirmation
62,PRH-002,Tirzepatide,R360-TIRZEPATIDE-30MG-VIAL,R360-TIRZEPATIDE-30MG-VIAL,30 mg,Vial,9900,USD,unavailable,UNAVAILABLE,Hidden or unavailable,false,hidden_draft_review_only,checkout_source_no|coa_supplier_confirmation_pending|cold_chain_review_pending|endotoxin_status_unverified|exact_product_image_pending|expiration_unconfirmed|fulfillment_unconfirmed|identity_test_unverified|inventory_unconfirmed|lot_missing|price_approval_pending|purity_test_unverified|research_offer_unavailable|shipping_requirements_pending|sterility_status_unverified|supplier_fill_required|supplier_product_control_documents_pending|supplier_product_control_review_pending|unresolved_dispute_confirmation
63,PRH-002,Tirzepatide,R360-TIRZEPATIDE-60MG-VIAL,R360-TIRZEPATIDE-60MG-VIAL,60 mg,Vial,,USD,unavailable,UNAVAILABLE,Hidden or unavailable,false,hidden_draft_review_only,checkout_source_no|coa_supplier_confirmation_pending|cold_chain_review_pending|endotoxin_status_unverified|exact_product_image_pending|expiration_unconfirmed|fulfillment_unconfirmed|identity_test_unverified|inventory_unconfirmed|lot_missing|planned_price_missing|purity_test_unverified|research_offer_unavailable|shipping_requirements_pending|sterility_status_unverified|supplier_fill_required|supplier_product_control_documents_pending|supplier_product_control_review_pending|unresolved_dispute_confirmation
64,PRH-002,Tirzepatide,R360-TIRZEPATIDE-100MG-VIAL,R360-TIRZEPATIDE-100MG-VIAL,100 mg,Vial,,USD,unavailable,UNAVAILABLE,Hidden or unavailable,false,hidden_draft_review_only,checkout_source_no|coa_supplier_confirmation_pending|cold_chain_review_pending|endotoxin_status_unverified|exact_product_image_pending|expiration_unconfirmed|fulfillment_unconfirmed|identity_test_unverified|inventory_unconfirmed|lot_missing|planned_price_missing|purity_test_unverified|research_offer_unavailable|shipping_requirements_pending|sterility_status_unverified|supplier_fill_required|supplier_product_control_documents_pending|supplier_product_control_review_pending|unresolved_dispute_confirmation
65,PRH-002,Tirzepatide,R360-TIRZEPATIDE-120MG-VIAL,R360-TIRZEPATIDE-120MG-VIAL,120 mg,Vial,,USD,unavailable,UNAVAILABLE,Hidden or unavailable,false,hidden_draft_review_only,checkout_source_no|coa_supplier_confirmation_pending|cold_chain_review_pending|endotoxin_status_unverified|exact_product_image_pending|expiration_unconfirmed|fulfillment_unconfirmed|identity_test_unverified|inventory_unconfirmed|lot_missing|planned_price_missing|purity_test_unverified|research_offer_unavailable|shipping_requirements_pending|sterility_status_unverified|supplier_fill_required|supplier_product_control_documents_pending|supplier_product_control_review_pending|unresolved_dispute_confirmation
66,PRH-003,Retatrutide,R360-RETATRUTIDE-10MG-VIAL,R360-RETATRUTIDE-10MG-VIAL,10 mg,Vial,8900,USD,unavailable,UNAVAILABLE,Hidden or unavailable,false,hidden_draft_review_only,checkout_source_no|coa_supplier_confirmation_pending|cold_chain_review_pending|endotoxin_status_unverified|exact_product_image_pending|expiration_unconfirmed|fulfillment_unconfirmed|identity_test_unverified|inventory_unconfirmed|lot_missing|price_approval_pending|purity_test_unverified|research_offer_unavailable|shipping_requirements_pending|sterility_status_unverified|supplier_fill_required|supplier_product_control_documents_pending|supplier_product_control_review_pending|unresolved_dispute_confirmation
67,PRH-003,Retatrutide,R360-RETATRUTIDE-15MG-VIAL,R360-RETATRUTIDE-15MG-VIAL,15 mg,Vial,11900,USD,unavailable,UNAVAILABLE,Hidden or unavailable,false,hidden_draft_review_only,checkout_source_no|coa_supplier_confirmation_pending|cold_chain_review_pending|endotoxin_status_unverified|exact_product_image_pending|expiration_unconfirmed|fulfillment_unconfirmed|identity_test_unverified|inventory_unconfirmed|lot_missing|price_approval_pending|purity_test_unverified|research_offer_unavailable|shipping_requirements_pending|sterility_status_unverified|supplier_fill_required|supplier_product_control_documents_pending|supplier_product_control_review_pending|unresolved_dispute_confirmation
68,PRH-003,Retatrutide,R360-RETATRUTIDE-20MG-VIAL,R360-RETATRUTIDE-20MG-VIAL,20 mg,Vial,,USD,unavailable,UNAVAILABLE,Hidden or unavailable,false,hidden_draft_review_only,checkout_source_no|coa_supplier_confirmation_pending|cold_chain_review_pending|endotoxin_status_unverified|exact_product_image_pending|expiration_unconfirmed|fulfillment_unconfirmed|identity_test_unverified|inventory_unconfirmed|lot_missing|planned_price_missing|purity_test_unverified|research_offer_unavailable|shipping_requirements_pending|sterility_status_unverified|supplier_fill_required|supplier_product_control_documents_pending|supplier_product_control_review_pending|unresolved_dispute_confirmation
69,PRH-003,Retatrutide,R360-RETATRUTIDE-30MG-VIAL,R360-RETATRUTIDE-30MG-VIAL,30 mg,Vial,14900,USD,unavailable,UNAVAILABLE,Hidden or unavailable,false,hidden_draft_review_only,checkout_source_no|coa_supplier_confirmation_pending|cold_chain_review_pending|endotoxin_status_unverified|exact_product_image_pending|expiration_unconfirmed|fulfillment_unconfirmed|identity_test_unverified|inventory_unconfirmed|lot_missing|price_approval_pending|purity_test_unverified|research_offer_unavailable|shipping_requirements_pending|sterility_status_unverified|supplier_fill_required|supplier_product_control_documents_pending|supplier_product_control_review_pending|unresolved_dispute_confirmation
70,PRH-003,Retatrutide,R360-RETATRUTIDE-50MG-VIAL,R360-RETATRUTIDE-50MG-VIAL,50 mg,Vial,,USD,unavailable,UNAVAILABLE,Hidden or unavailable,false,hidden_draft_review_only,checkout_source_no|coa_supplier_confirmation_pending|cold_chain_review_pending|endotoxin_status_unverified|exact_product_image_pending|expiration_unconfirmed|fulfillment_unconfirmed|identity_test_unverified|inventory_unconfirmed|lot_missing|planned_price_missing|purity_test_unverified|research_offer_unavailable|shipping_requirements_pending|sterility_status_unverified|supplier_fill_required|supplier_product_control_documents_pending|supplier_product_control_review_pending|unresolved_dispute_confirmation
71,PEP-COMP-001,ARA-290 Research Material,R360-ARA290-10MG-VIAL,R360-ARA290-10MG-VIAL,10 mg,Vial,14000,USD,request_access,REQUEST_ACCESS,Member/gated request access or held,false,hidden_draft_review_only,checkout_source_no|coa_supplier_confirmation_pending|cold_chain_review_pending|endotoxin_status_unverified|exact_product_image_pending|expiration_unconfirmed|fulfillment_unconfirmed|identity_test_unverified|inventory_unconfirmed|lot_missing|price_approval_pending|purity_test_unverified|shipping_requirements_pending|sterility_status_unverified|supplier_fill_required|supplier_product_control_documents_pending|supplier_product_control_review_pending|unresolved_dispute_confirmation
72,SUP-COMP-001,Bacteriostatic Water - Laboratory Supply,R360-BACWATER-3ML,R360-BACWATER-3ML,Sterile solution,Sterile solution,3000,USD,pending_documentation,HELD_PENDING_GATES,Member/gated request access or held,false,hidden_draft_review_only,checkout_source_no|coa_supplier_confirmation_pending|cold_chain_review_pending|endotoxin_status_unverified|exact_product_image_pending|expiration_unconfirmed|fulfillment_unconfirmed|identity_test_unverified|inventory_unconfirmed|lot_missing|price_approval_pending|purity_test_unverified|shipping_requirements_pending|sterility_status_unverified|supplier_fill_required|supplier_product_control_documents_pending|supplier_product_control_review_pending|unresolved_dispute_confirmation
73,SUP-COMP-002,Bacteriostatic Water - Laboratory Supply,R360-BACWATER-10ML,R360-BACWATER-10ML,Sterile solution,Sterile solution,4500,USD,pending_documentation,HELD_PENDING_GATES,Member/gated request access or held,false,hidden_draft_review_only,checkout_source_no|coa_supplier_confirmation_pending|cold_chain_review_pending|endotoxin_status_unverified|exact_product_image_pending|expiration_unconfirmed|fulfillment_unconfirmed|identity_test_unverified|inventory_unconfirmed|lot_missing|price_approval_pending|purity_test_unverified|shipping_requirements_pending|sterility_status_unverified|supplier_fill_required|supplier_product_control_documents_pending|supplier_product_control_review_pending|unresolved_dispute_confirmation
74,SUP-COMP-003,Bacteriostatic Water - Laboratory Supply,R360-BACWATER-30ML,R360-BACWATER-30ML,Sterile solution,Sterile solution,6500,USD,pending_documentation,HELD_PENDING_GATES,Member/gated request access or held,false,hidden_draft_review_only,checkout_source_no|coa_supplier_confirmation_pending|cold_chain_review_pending|endotoxin_status_unverified|exact_product_image_pending|expiration_unconfirmed|fulfillment_unconfirmed|identity_test_unverified|inventory_unconfirmed|lot_missing|price_approval_pending|purity_test_unverified|shipping_requirements_pending|sterility_status_unverified|supplier_fill_required|supplier_product_control_documents_pending|supplier_product_control_review_pending|unresolved_dispute_confirmation
75,RAW-001,BPC-157,RAW-001,RAW-001,5 mg,Vial / source presentation,7900,USD,request_access,REQUEST_ACCESS,Member/gated request access or held,false,hidden_draft_review_only,checkout_source_no|coa_supplier_confirmation_pending|cold_chain_review_pending|endotoxin_status_unverified|exact_product_image_pending|expiration_unconfirmed|fulfillment_unconfirmed|identity_documentation_pending|identity_test_unverified|inventory_unconfirmed|lot_missing|price_approval_pending|purity_test_unverified|shipping_requirements_pending|sterility_status_unverified|supplier_fill_required|supplier_product_control_review_pending|unresolved_dispute_confirmation
76,RAW-002,Cagrilintide,RAW-002,RAW-002,10 mg,Vial / source presentation,18900,USD,held,HELD_PENDING_GATES,Member/gated request access or held,false,hidden_draft_review_only,checkout_source_no|coa_supplier_confirmation_pending|cold_chain_review_pending|endotoxin_status_unverified|exact_product_image_pending|expiration_unconfirmed|fulfillment_unconfirmed|identity_documentation_pending|identity_test_unverified|inventory_unconfirmed|lot_missing|price_approval_pending|purity_test_unverified|shipping_requirements_pending|sterility_status_unverified|supplier_fill_required|supplier_product_control_review_pending|unresolved_dispute_confirmation
77,RAW-003,DSIP,RAW-003,RAW-003,10 mg,Vial / source presentation,7900,USD,request_access,REQUEST_ACCESS,Member/gated request access or held,false,hidden_draft_review_only,checkout_source_no|coa_supplier_confirmation_pending|cold_chain_review_pending|endotoxin_status_unverified|exact_product_image_pending|expiration_unconfirmed|fulfillment_unconfirmed|identity_documentation_pending|identity_test_unverified|inventory_unconfirmed|lot_missing|price_approval_pending|purity_test_unverified|shipping_requirements_pending|sterility_status_unverified|supplier_fill_required|supplier_product_control_review_pending|unresolved_dispute_confirmation
78,RAW-004,GHK-Cu,RAW-004,RAW-004,50 mg,Vial / source presentation,7900,USD,request_access,REQUEST_ACCESS,Member/gated request access or held,false,hidden_draft_review_only,checkout_source_no|coa_supplier_confirmation_pending|cold_chain_review_pending|endotoxin_status_unverified|exact_product_image_pending|expiration_unconfirmed|fulfillment_unconfirmed|identity_documentation_pending|identity_test_unverified|inventory_unconfirmed|lot_missing|price_approval_pending|purity_test_unverified|shipping_requirements_pending|sterility_status_unverified|supplier_fill_required|supplier_product_control_review_pending|unresolved_dispute_confirmation
79,RAW-005,Hexarelin,RAW-005,RAW-005,10 mg,Vial / source presentation,8900,USD,request_access,REQUEST_ACCESS,Member/gated request access or held,false,hidden_draft_review_only,checkout_source_no|coa_supplier_confirmation_pending|cold_chain_review_pending|endotoxin_status_unverified|exact_product_image_pending|expiration_unconfirmed|fulfillment_unconfirmed|identity_documentation_pending|identity_test_unverified|inventory_unconfirmed|lot_missing|price_approval_pending|purity_test_unverified|shipping_requirements_pending|sterility_status_unverified|supplier_fill_required|supplier_product_control_review_pending|unresolved_dispute_confirmation
80,RAW-006,Kisspeptin,RAW-006,RAW-006,10 mg,Vial / source presentation,7900,USD,request_access,REQUEST_ACCESS,Member/gated request access or held,false,hidden_draft_review_only,checkout_source_no|coa_supplier_confirmation_pending|cold_chain_review_pending|endotoxin_status_unverified|exact_product_image_pending|expiration_unconfirmed|fulfillment_unconfirmed|identity_documentation_pending|identity_test_unverified|inventory_unconfirmed|lot_missing|price_approval_pending|purity_test_unverified|shipping_requirements_pending|sterility_status_unverified|supplier_fill_required|supplier_product_control_review_pending|unresolved_dispute_confirmation
81,RAW-007,L-Glutathione,RAW-007,RAW-007,500 mg,Vial / source presentation,8900,USD,request_access,REQUEST_ACCESS,Member/gated request access or held,false,hidden_draft_review_only,checkout_source_no|coa_supplier_confirmation_pending|cold_chain_review_pending|endotoxin_status_unverified|exact_product_image_pending|expiration_unconfirmed|fulfillment_unconfirmed|identity_documentation_pending|identity_test_unverified|inventory_unconfirmed|lot_missing|price_approval_pending|purity_test_unverified|shipping_requirements_pending|sterility_status_unverified|supplier_fill_required|supplier_product_control_review_pending|unresolved_dispute_confirmation
82,RAW-008,Oxytocin,RAW-008,RAW-008,5 mg,Vial / source presentation,8900,USD,request_access,REQUEST_ACCESS,Member/gated request access or held,false,hidden_draft_review_only,checkout_source_no|coa_supplier_confirmation_pending|cold_chain_review_pending|endotoxin_status_unverified|exact_product_image_pending|expiration_unconfirmed|fulfillment_unconfirmed|identity_documentation_pending|identity_test_unverified|inventory_unconfirmed|lot_missing|price_approval_pending|purity_test_unverified|shipping_requirements_pending|sterility_status_unverified|supplier_fill_required|supplier_product_control_review_pending|unresolved_dispute_confirmation
83,RAW-009,Semaglutide,RAW-009,RAW-009,5 mg,Vial / source presentation,8900,USD,care_only,UNAVAILABLE,Hidden or unavailable,false,hidden_draft_review_only,care_pathway_only|checkout_source_no|coa_supplier_confirmation_pending|cold_chain_review_pending|endotoxin_status_unverified|exact_product_image_pending|expiration_unconfirmed|fulfillment_unconfirmed|identity_documentation_pending|identity_test_unverified|inventory_unconfirmed|lot_missing|price_approval_pending|purity_test_unverified|research_offer_unavailable|shipping_requirements_pending|sterility_status_unverified|supplier_fill_required|supplier_product_control_review_pending|unresolved_dispute_confirmation
84,RAW-010,Sermorelin,RAW-010,RAW-010,5 mg,Vial / source presentation,5900,USD,request_access,REQUEST_ACCESS,Member/gated request access or held,false,hidden_draft_review_only,checkout_source_no|coa_supplier_confirmation_pending|cold_chain_review_pending|endotoxin_status_unverified|exact_product_image_pending|expiration_unconfirmed|fulfillment_unconfirmed|identity_documentation_pending|identity_test_unverified|inventory_unconfirmed|lot_missing|price_approval_pending|purity_test_unverified|shipping_requirements_pending|sterility_status_unverified|supplier_fill_required|supplier_product_control_review_pending|unresolved_dispute_confirmation
85,RAW-011,Thymosin Alpha 1,RAW-011,RAW-011,10 mg,Vial / source presentation,10900,USD,request_access,REQUEST_ACCESS,Member/gated request access or held,false,hidden_draft_review_only,checkout_source_no|coa_supplier_confirmation_pending|cold_chain_review_pending|endotoxin_status_unverified|exact_product_image_pending|expiration_unconfirmed|fulfillment_unconfirmed|identity_documentation_pending|identity_test_unverified|inventory_unconfirmed|lot_missing|price_approval_pending|purity_test_unverified|shipping_requirements_pending|sterility_status_unverified|supplier_fill_required|supplier_product_control_review_pending|unresolved_dispute_confirmation
86,RAW-012,Tirzepatide,RAW-012,RAW-012,15 mg,Vial / source presentation,8900,USD,care_only,UNAVAILABLE,Hidden or unavailable,false,hidden_draft_review_only,care_pathway_only|checkout_source_no|coa_supplier_confirmation_pending|cold_chain_review_pending|endotoxin_status_unverified|exact_product_image_pending|expiration_unconfirmed|fulfillment_unconfirmed|identity_documentation_pending|identity_test_unverified|inventory_unconfirmed|lot_missing|price_approval_pending|purity_test_unverified|research_offer_unavailable|shipping_requirements_pending|sterility_status_unverified|supplier_fill_required|supplier_product_control_review_pending|unresolved_dispute_confirmation
