route_type,domains,method,path,component,file,line,authorization_trace,authorization_signals,feature_flags,persistence_signals
api,admin,GET,/api/admin/analytics,,server/routes.ts,562,file_signal_present,requireSupabaseAdmin|verifyTurnstile,NEXT_PUBLIC_RESEARCH_COMMERCE_ENABLED,
api,admin,GET,/api/admin/bookings,,server/routes.ts,553,file_signal_present,requireSupabaseAdmin|verifyTurnstile,NEXT_PUBLIC_RESEARCH_COMMERCE_ENABLED,
api,admin,GET,/api/admin/export,,server/routes.ts,634,file_signal_present,requireSupabaseAdmin|verifyTurnstile,NEXT_PUBLIC_RESEARCH_COMMERCE_ENABLED,
api,admin,GET,/api/admin/loi,,server/routes.ts,544,file_signal_present,requireSupabaseAdmin|verifyTurnstile,NEXT_PUBLIC_RESEARCH_COMMERCE_ENABLED,
api,admin,PATCH,/api/admin/loi/:id/status,,server/routes.ts,585,file_signal_present,requireSupabaseAdmin|verifyTurnstile,NEXT_PUBLIC_RESEARCH_COMMERCE_ENABLED,
api,admin,GET,/api/admin/me,,server/routes.ts,531,file_signal_present,requireSupabaseAdmin|verifyTurnstile,NEXT_PUBLIC_RESEARCH_COMMERCE_ENABLED,
api,admin,GET,/api/admin/notes,,server/routes.ts,599,file_signal_present,requireSupabaseAdmin|verifyTurnstile,NEXT_PUBLIC_RESEARCH_COMMERCE_ENABLED,
api,admin,POST,/api/admin/notes,,server/routes.ts,613,file_signal_present,requireSupabaseAdmin|verifyTurnstile,NEXT_PUBLIC_RESEARCH_COMMERCE_ENABLED,
api,admin,GET,/api/admin/research/activation/bridge/checklist,,server/research/membership-activation/routes.ts,943,file_signal_present,requireMember|requireSupabaseAdmin,,
api,admin,PUT,/api/admin/research/activation/bridge/checklist,,server/research/membership-activation/routes.ts,950,file_signal_present,requireMember|requireSupabaseAdmin,,
api,admin,GET,/api/admin/research/activation/bridge/settings,,server/research/membership-activation/routes.ts,927,file_signal_present,requireMember|requireSupabaseAdmin,,
api,admin,PUT,/api/admin/research/activation/bridge/settings,,server/research/membership-activation/routes.ts,934,file_signal_present,requireMember|requireSupabaseAdmin,,
api,admin,GET,/api/admin/research/activation/esign/member/:memberId,,server/research/membership-activation/routes.ts,1079,file_signal_present,requireMember|requireSupabaseAdmin,,
api,admin,GET,/api/admin/research/activation/esign/member/:memberId/packet.zip,,server/research/membership-activation/routes.ts,1100,file_signal_present,requireMember|requireSupabaseAdmin,,
api,admin,GET,/api/admin/research/activation/esign/request/:requestId/download,,server/research/membership-activation/routes.ts,1088,file_signal_present,requireMember|requireSupabaseAdmin,,
api,admin,POST,/api/admin/research/activation/esign/request/:requestId/resend,,server/research/membership-activation/routes.ts,1118,file_signal_present,requireMember|requireSupabaseAdmin,,
api,admin,POST,/api/admin/research/activation/identity/:caseId/emergency-delete,,server/research/membership-activation/routes.ts,1069,file_signal_present,requireMember|requireSupabaseAdmin,,
api,admin,POST,/api/admin/research/activation/identity/:caseId/review,,server/research/membership-activation/routes.ts,1060,file_signal_present,requireMember|requireSupabaseAdmin,,
api,admin,GET,/api/admin/research/activation/identity/:caseId/view,,server/research/membership-activation/routes.ts,1053,file_signal_present,requireMember|requireSupabaseAdmin,,
api,admin,GET,/api/admin/research/activation/identity/queue,,server/research/membership-activation/routes.ts,1044,file_signal_present,requireMember|requireSupabaseAdmin,,
api,admin,GET,/api/admin/research/activation/methods,,server/research/membership-activation/routes.ts,965,file_signal_present,requireMember|requireSupabaseAdmin,,
api,admin,POST,/api/admin/research/activation/methods,,server/research/membership-activation/routes.ts,977,file_signal_present,requireMember|requireSupabaseAdmin,,
api,admin,POST,/api/admin/research/activation/methods/:methodId/approve,,server/research/membership-activation/routes.ts,986,file_signal_present,requireMember|requireSupabaseAdmin,,
api,admin,POST,/api/admin/research/activation/methods/:methodId/disable,,server/research/membership-activation/routes.ts,1003,file_signal_present,requireMember|requireSupabaseAdmin,,
api,admin,GET,/api/admin/research/activation/queue,,server/research/membership-activation/routes.ts,862,file_signal_present,requireMember|requireSupabaseAdmin,,
api,admin,GET,/api/admin/research/activation/queue/:obligationId,,server/research/membership-activation/routes.ts,869,file_signal_present,requireMember|requireSupabaseAdmin,,
api,admin,POST,/api/admin/research/activation/queue/:obligationId/cancel,,server/research/membership-activation/routes.ts,897,file_signal_present,requireMember|requireSupabaseAdmin,,
api,admin,POST,/api/admin/research/activation/queue/:obligationId/duplicate,,server/research/membership-activation/routes.ts,897,file_signal_present,requireMember|requireSupabaseAdmin,,
api,admin,POST,/api/admin/research/activation/queue/:obligationId/migrate,,server/research/membership-activation/routes.ts,912,file_signal_present,requireMember|requireSupabaseAdmin,,
api,admin,POST,/api/admin/research/activation/queue/:obligationId/mismatch,,server/research/membership-activation/routes.ts,897,file_signal_present,requireMember|requireSupabaseAdmin,,
api,admin,POST,/api/admin/research/activation/queue/:obligationId/refunded,,server/research/membership-activation/routes.ts,897,file_signal_present,requireMember|requireSupabaseAdmin,,
api,admin,POST,/api/admin/research/activation/queue/:obligationId/reject,,server/research/membership-activation/routes.ts,897,file_signal_present,requireMember|requireSupabaseAdmin,,
api,admin,POST,/api/admin/research/activation/queue/:obligationId/request-info,,server/research/membership-activation/routes.ts,897,file_signal_present,requireMember|requireSupabaseAdmin,,
api,admin,POST,/api/admin/research/activation/queue/:obligationId/reversed,,server/research/membership-activation/routes.ts,897,file_signal_present,requireMember|requireSupabaseAdmin,,
api,admin,POST,/api/admin/research/activation/queue/:obligationId/verify,,server/research/membership-activation/routes.ts,876,file_signal_present,requireMember|requireSupabaseAdmin,,
api,admin,GET,/api/admin/research/activation/readiness,,server/research/membership-activation/routes.ts,1036,file_signal_present,requireMember|requireSupabaseAdmin,,
api,admin,GET,/api/admin/research/activation/reconciliation,,server/research/membership-activation/routes.ts,1018,file_signal_present,requireMember|requireSupabaseAdmin,,
api,admin,GET,/api/admin/research/applications,,server/research/membership.ts,599,file_signal_present,requireBillingEnabled|requireSupabaseAdmin,RESEARCH_MEMBERSHIP_BILLING_ENABLED,research_application_events|research_applications|research_members|research_rate_limit_hit
api,admin,GET,/api/admin/research/applications/:id,,server/research/membership.ts,623,file_signal_present,requireBillingEnabled|requireSupabaseAdmin,RESEARCH_MEMBERSHIP_BILLING_ENABLED,research_application_events|research_applications|research_members|research_rate_limit_hit
api,admin,POST,/api/admin/research/applications/:id/activate,,server/research/membership.ts,752,file_signal_present,requireBillingEnabled|requireSupabaseAdmin,RESEARCH_MEMBERSHIP_BILLING_ENABLED,research_application_events|research_applications|research_members|research_rate_limit_hit
api,admin,POST,/api/admin/research/applications/:id/approve,,server/research/membership.ts,698,file_signal_present,requireBillingEnabled|requireSupabaseAdmin,RESEARCH_MEMBERSHIP_BILLING_ENABLED,research_application_events|research_applications|research_members|research_rate_limit_hit
api,admin,POST,/api/admin/research/applications/:id/begin-activation,,server/research/membership.ts,749,file_signal_present,requireBillingEnabled|requireSupabaseAdmin,RESEARCH_MEMBERSHIP_BILLING_ENABLED,research_application_events|research_applications|research_members|research_rate_limit_hit
api,admin,POST,/api/admin/research/applications/:id/decline,,server/research/membership.ts,851,file_signal_present,requireBillingEnabled|requireSupabaseAdmin,RESEARCH_MEMBERSHIP_BILLING_ENABLED,research_application_events|research_applications|research_members|research_rate_limit_hit
api,admin,POST,/api/admin/research/applications/:id/request-info,,server/research/membership.ts,682,file_signal_present,requireBillingEnabled|requireSupabaseAdmin,RESEARCH_MEMBERSHIP_BILLING_ENABLED,research_application_events|research_applications|research_members|research_rate_limit_hit
api,admin,POST,/api/admin/research/applications/:id/review,,server/research/membership.ts,679,file_signal_present,requireBillingEnabled|requireSupabaseAdmin,RESEARCH_MEMBERSHIP_BILLING_ENABLED,research_application_events|research_applications|research_members|research_rate_limit_hit
api,admin,GET,/api/admin/research/blueprints,,server/research/blueprint.ts,540,file_signal_present,requireActiveMember|requireSupabaseAdmin,,research_blueprints|research_members|research_plan_review_audit_events
api,admin,GET,/api/admin/research/blueprints/:blueprintId,,server/research/blueprint.ts,623,file_signal_present,requireActiveMember|requireSupabaseAdmin,,research_blueprints|research_members|research_plan_review_audit_events
api,admin,POST,/api/admin/research/blueprints/:blueprintId/review,,server/research/blueprint.ts,700,file_signal_present,requireActiveMember|requireSupabaseAdmin,,research_blueprints|research_members|research_plan_review_audit_events
api,admin,POST,/api/admin/research/blueprints/generate,,server/research/blueprint.ts,672,file_signal_present,requireActiveMember|requireSupabaseAdmin,,research_blueprints|research_members|research_plan_review_audit_events
api,admin,GET,/api/admin/research/capabilities,,server/research/capabilities.ts,168,file_signal_present,requireActiveMember|requireSupabaseAdmin,RESEARCH_DOCUMENT_RENDERING_ENABLED|RESEARCH_HEALTH_DATA_ENABLED|RESEARCH_IDENTITY_ENABLED|RESEARCH_INFINITY_ENABLED|RESEARCH_PRIVATE_MEDIA_ENABLED|RESEARCH_TELEGRAM_ENABLED,
api,commerce|admin,GET,/api/admin/research/cart/:cartCheckoutNumber/confirm-payment,,server/research/early-access/register.ts,1356,file_signal_present,requireAdmin|requireSupabaseAdmin|resolveEarlyAccessCartStore|resolveEarlyAccessConfig|resolveMember|resolveSession,,research_early_access_commit_cart_checkout|research_early_access_record_cart_fulfilment_event|research_material
api,commerce|admin,POST,/api/admin/research/cart/:cartCheckoutNumber/confirm-payment,,server/research/early-access/register.ts,1330,file_signal_present,requireAdmin|requireSupabaseAdmin|resolveEarlyAccessCartStore|resolveEarlyAccessConfig|resolveMember|resolveSession,,research_early_access_commit_cart_checkout|research_early_access_record_cart_fulfilment_event|research_material
api,commerce|admin,POST,/api/admin/research/cart/:cartCheckoutNumber/external-proof,,server/research/early-access/register.ts,1320,file_signal_present,requireAdmin|requireSupabaseAdmin|resolveEarlyAccessCartStore|resolveEarlyAccessConfig|resolveMember|resolveSession,,research_early_access_commit_cart_checkout|research_early_access_record_cart_fulfilment_event|research_material
api,commerce|supplier|admin,POST,/api/admin/research/cart/:cartCheckoutNumber/fulfilment-event,,server/research/early-access/register.ts,1076,file_signal_present,requireAdmin|requireSupabaseAdmin|resolveEarlyAccessCartStore|resolveEarlyAccessConfig|resolveMember|resolveSession,,research_early_access_commit_cart_checkout|research_early_access_record_cart_fulfilment_event|research_material
api,commerce|admin,POST,/api/admin/research/cart/shipping-sla/sweep,,server/research/early-access/register.ts,1063,file_signal_present,requireAdmin|requireSupabaseAdmin|resolveEarlyAccessCartStore|resolveEarlyAccessConfig|resolveMember|resolveSession,,research_early_access_commit_cart_checkout|research_early_access_record_cart_fulfilment_event|research_material
api,commerce|admin,GET,/api/admin/research/claims,,server/research/commerce/routes.ts,751,file_signal_present,requireActiveMember|requireAdmin|requireMember,,
api,commerce|admin,POST,/api/admin/research/claims/:claimId/refund,,server/research/commerce/routes.ts,778,file_signal_present,requireActiveMember|requireAdmin|requireMember,,
api,commerce|admin,POST,/api/admin/research/claims/:claimId/replacement,,server/research/commerce/routes.ts,801,file_signal_present,requireActiveMember|requireAdmin|requireMember,,
api,commerce|admin,POST,/api/admin/research/claims/:claimId/review,,server/research/commerce/routes.ts,755,file_signal_present,requireActiveMember|requireAdmin|requireMember,,
api,commerce|admin,GET,/api/admin/research/commerce/queues,,server/research/commerce/routes.ts,747,file_signal_present,requireActiveMember|requireAdmin|requireMember,,
api,supplier|admin,GET,/api/admin/research/crm-supplier-operations,,server/research/admin-crm-supplier-operations/routes.ts,45,file_signal_present,requireAdmin|requireSupabaseAdmin|resolveActorId,,
api,supplier|admin,POST,/api/admin/research/crm-supplier-operations/actions,,server/research/admin-crm-supplier-operations/routes.ts,56,file_signal_present,requireAdmin|requireSupabaseAdmin|resolveActorId,,
api,admin,POST,/api/admin/research/documents,,server/research/documents.ts,727,file_signal_present,requireActiveMember|requireSupabaseAdmin,,research_members|research_plan_documents
api,admin,POST,/api/admin/research/early-access/customers,,server/research/early-access/routes/ops-routes.ts,195,file_signal_present,resolveSession,,
api,admin,POST,/api/admin/research/early-access/holds,,server/research/early-access/routes/ops-routes.ts,306,file_signal_present,resolveSession,,
api,admin,POST,/api/admin/research/early-access/holds/withdraw,,server/research/early-access/routes/ops-routes.ts,336,file_signal_present,resolveSession,,
api,admin,GET,/api/admin/research/early-access/releases,,server/research/early-access/register.ts,1616,file_signal_present,requireAdmin|requireSupabaseAdmin|resolveEarlyAccessCartStore|resolveEarlyAccessConfig|resolveMember|resolveSession,,research_early_access_commit_cart_checkout|research_early_access_record_cart_fulfilment_event|research_material
api,admin,POST,/api/admin/research/early-access/releases,,server/research/early-access/register.ts,1619,file_signal_present,requireAdmin|requireSupabaseAdmin|resolveEarlyAccessCartStore|resolveEarlyAccessConfig|resolveMember|resolveSession,,research_early_access_commit_cart_checkout|research_early_access_record_cart_fulfilment_event|research_material
api,admin,GET,/api/admin/research/early-access/releases/history,,server/research/early-access/register.ts,1613,file_signal_present,requireAdmin|requireSupabaseAdmin|resolveEarlyAccessCartStore|resolveEarlyAccessConfig|resolveMember|resolveSession,,research_early_access_commit_cart_checkout|research_early_access_record_cart_fulfilment_event|research_material
api,supplier|admin,POST,/api/admin/research/early-access/supplier-confirmations,,server/research/early-access/routes/ops-routes.ts,255,file_signal_present,resolveSession,,
api,admin,GET,/api/admin/research/early-access/verification-requests,,server/research/early-access/routes/ops-routes.ts,251,file_signal_present,resolveSession,,
api,supplier|admin,GET,/api/admin/research/inventory/lots,,server/research/inventory-admin/routes.ts,165,parent_or_runtime_trace_required,,,
api,supplier|admin,POST,/api/admin/research/inventory/lots,,server/research/inventory-admin/routes.ts,174,parent_or_runtime_trace_required,,,
api,supplier|admin,POST,/api/admin/research/inventory/lots/:lotId/disposition,,server/research/inventory-admin/routes.ts,225,parent_or_runtime_trace_required,,,
api,supplier|admin,POST,/api/admin/research/inventory/lots/:lotId/movements,,server/research/inventory-admin/routes.ts,204,parent_or_runtime_trace_required,,,
api,supplier|admin,GET,/api/admin/research/inventory/movements,,server/research/inventory-admin/routes.ts,188,parent_or_runtime_trace_required,,,
api,supplier|admin,GET,/api/admin/research/lot-quality-documents,,server/research/inventory-admin/routes.ts,246,parent_or_runtime_trace_required,,,
api,supplier|admin,POST,/api/admin/research/lot-quality-documents/:documentId/confirm,,server/research/inventory-admin/routes.ts,293,parent_or_runtime_trace_required,,,
api,supplier|admin,POST,/api/admin/research/lot-quality-documents/:documentId/file-access,,server/research/inventory-admin/routes.ts,340,parent_or_runtime_trace_required,,,
api,supplier|admin,POST,/api/admin/research/lot-quality-documents/:documentId/review,,server/research/inventory-admin/routes.ts,319,parent_or_runtime_trace_required,,,
api,supplier|admin,POST,/api/admin/research/lot-quality-documents/upload,,server/research/inventory-admin/routes.ts,255,parent_or_runtime_trace_required,,,
api,supplier|admin,POST,/api/admin/research/lot-quality-documents/upload/cancel,,server/research/inventory-admin/routes.ts,273,parent_or_runtime_trace_required,,,
api,catalog|admin,GET,/api/admin/research/metabolic-pathways,,server/research/products-diagnostics/routes.ts,352,file_signal_present,requireActiveMember|requireAdmin,,
api,catalog|admin,PUT,/api/admin/research/metabolic-pathways/:pathwayId,,server/research/products-diagnostics/routes.ts,362,file_signal_present,requireActiveMember|requireAdmin,,
api,commerce|admin,POST,/api/admin/research/orders/:orderId/approve,,server/research/commerce/routes.ts,837,file_signal_present,requireActiveMember|requireAdmin|requireMember,,
api,commerce|admin,POST,/api/admin/research/orders/:orderId/cancel,,server/research/commerce/routes.ts,845,file_signal_present,requireActiveMember|requireAdmin|requireMember,,
api,commerce|admin,POST,/api/admin/research/orders/:orderId/capture,,server/research/commerce/routes.ts,841,file_signal_present,requireActiveMember|requireAdmin|requireMember,,
api,admin,GET,/api/admin/research/outbox,,server/research/outbox.ts,598,file_signal_present,assertEmailPayloadSafe|requireSupabaseAdmin|resolveEmailConfiguration,RESEARCH_GOOGLE_WORKSPACE_EXPORTS_ENABLED,research_notification_attempts|research_notification_outbox
api,admin,POST,/api/admin/research/outbox/:id/retry,,server/research/outbox.ts,625,file_signal_present,assertEmailPayloadSafe|requireSupabaseAdmin|resolveEmailConfiguration,RESEARCH_GOOGLE_WORKSPACE_EXPORTS_ENABLED,research_notification_attempts|research_notification_outbox
api,admin,POST,/api/admin/research/outbox/run,,server/research/outbox.ts,588,file_signal_present,assertEmailPayloadSafe|requireSupabaseAdmin|resolveEmailConfiguration,RESEARCH_GOOGLE_WORKSPACE_EXPORTS_ENABLED,research_notification_attempts|research_notification_outbox
api,commerce|affiliate|admin,POST,/api/admin/research/partners/:partnerId/review,,server/research/commerce/routes.ts,809,file_signal_present,requireActiveMember|requireAdmin|requireMember,,
api,admin,GET,/api/admin/research/payments,,server/research/early-access/register.ts,1477,file_signal_present,requireAdmin|requireSupabaseAdmin|resolveEarlyAccessCartStore|resolveEarlyAccessConfig|resolveMember|resolveSession,,research_early_access_commit_cart_checkout|research_early_access_record_cart_fulfilment_event|research_material
api,admin,GET,/api/admin/research/payments/:orderNumber,,server/research/early-access/register.ts,1507,file_signal_present,requireAdmin|requireSupabaseAdmin|resolveEarlyAccessCartStore|resolveEarlyAccessConfig|resolveMember|resolveSession,,research_early_access_commit_cart_checkout|research_early_access_record_cart_fulfilment_event|research_material
api,admin,POST,/api/admin/research/payments/:orderNumber/confirm,,server/research/early-access/register.ts,1481,file_signal_present,requireAdmin|requireSupabaseAdmin|resolveEarlyAccessCartStore|resolveEarlyAccessConfig|resolveMember|resolveSession,,research_early_access_commit_cart_checkout|research_early_access_record_cart_fulfilment_event|research_material
api,admin,POST,/api/admin/research/payments/:orderNumber/external-proof,,server/research/early-access/register.ts,1499,file_signal_present,requireAdmin|requireSupabaseAdmin|resolveEarlyAccessCartStore|resolveEarlyAccessConfig|resolveMember|resolveSession,,research_early_access_commit_cart_checkout|research_early_access_record_cart_fulfilment_event|research_material
api,commerce|admin,POST,/api/admin/research/payments/:orderNumber/overpayment-exception,,server/research/early-access/register.ts,1564,file_signal_present,requireAdmin|requireSupabaseAdmin|resolveEarlyAccessCartStore|resolveEarlyAccessConfig|resolveMember|resolveSession,,research_early_access_commit_cart_checkout|research_early_access_record_cart_fulfilment_event|research_material
api,commerce|admin,POST,/api/admin/research/payments/:orderNumber/refund,,server/research/early-access/register.ts,1571,file_signal_present,requireAdmin|requireSupabaseAdmin|resolveEarlyAccessCartStore|resolveEarlyAccessConfig|resolveMember|resolveSession,,research_early_access_commit_cart_checkout|research_early_access_record_cart_fulfilment_event|research_material
api,admin,POST,/api/admin/research/payments/:orderNumber/reject,,server/research/early-access/register.ts,1491,file_signal_present,requireAdmin|requireSupabaseAdmin|resolveEarlyAccessCartStore|resolveEarlyAccessConfig|resolveMember|resolveSession,,research_early_access_commit_cart_checkout|research_early_access_record_cart_fulfilment_event|research_material
api,admin,POST,/api/admin/research/plans/xenios30,,server/research/plans.ts,714,file_signal_present,requireActiveMember|requireSupabaseAdmin,,research_members|research_plan_change_requests|research_xenios30_plans|research_xenios90_plans
api,admin,POST,/api/admin/research/plans/xenios30/:planId/publish,,server/research/plans.ts,741,file_signal_present,requireActiveMember|requireSupabaseAdmin,,research_members|research_plan_change_requests|research_xenios30_plans|research_xenios90_plans
api,admin,POST,/api/admin/research/plans/xenios90,,server/research/plans.ts,759,file_signal_present,requireActiveMember|requireSupabaseAdmin,,research_members|research_plan_change_requests|research_xenios30_plans|research_xenios90_plans
api,admin,POST,/api/admin/research/plans/xenios90/:planId/publish,,server/research/plans.ts,786,file_signal_present,requireActiveMember|requireSupabaseAdmin,,research_members|research_plan_change_requests|research_xenios30_plans|research_xenios90_plans
api,admin,GET,/api/admin/research/prelaunch/roles,,server/research/prelaunch.ts,366,file_signal_present,requireAdmin|requirePrelaunch|requirePrelaunchAccess|resolveDataContext|verifyUser,,research_prelaunch_access_audit|research_prelaunch_role_assignments|research_prelaunch_seed_namespaces|research_prelaunch_settings
api,admin,POST,/api/admin/research/prelaunch/roles,,server/research/prelaunch.ts,384,file_signal_present,requireAdmin|requirePrelaunch|requirePrelaunchAccess|resolveDataContext|verifyUser,,research_prelaunch_access_audit|research_prelaunch_role_assignments|research_prelaunch_seed_namespaces|research_prelaunch_settings
api,admin,DELETE,/api/admin/research/prelaunch/roles/:assignmentId,,server/research/prelaunch.ts,410,file_signal_present,requireAdmin|requirePrelaunch|requirePrelaunchAccess|resolveDataContext|verifyUser,,research_prelaunch_access_audit|research_prelaunch_role_assignments|research_prelaunch_seed_namespaces|research_prelaunch_settings
api,admin,GET,/api/admin/research/product-requests,,server/research/product-requests.ts,1063,file_signal_present,requireActiveMember|requireProductRequestAdmin|requireSupabaseAdmin,,research_add_product_request_message|research_admin_update_product_request|research_applications|research_confirm_product_request_file|research_create_product_request|research_members|research_product_demand_candidates|research_product_request_events|research_product_request_files|research_product_request_storage_cleanup|research_product_requests|research_queue_abandoned_product_request_files|research_remove_product_request_file|research_reserve_product_request_file|research_withdraw_product_request
api,admin,GET,/api/admin/research/product-requests/:requestId,,server/research/product-requests.ts,1262,file_signal_present,requireActiveMember|requireProductRequestAdmin|requireSupabaseAdmin,,research_add_product_request_message|research_admin_update_product_request|research_applications|research_confirm_product_request_file|research_create_product_request|research_members|research_product_demand_candidates|research_product_request_events|research_product_request_files|research_product_request_storage_cleanup|research_product_requests|research_queue_abandoned_product_request_files|research_remove_product_request_file|research_reserve_product_request_file|research_withdraw_product_request
api,admin,PATCH,/api/admin/research/product-requests/:requestId,,server/research/product-requests.ts,1309,file_signal_present,requireActiveMember|requireProductRequestAdmin|requireSupabaseAdmin,,research_add_product_request_message|research_admin_update_product_request|research_applications|research_confirm_product_request_file|research_create_product_request|research_members|research_product_demand_candidates|research_product_request_events|research_product_request_files|research_product_request_storage_cleanup|research_product_requests|research_queue_abandoned_product_request_files|research_remove_product_request_file|research_reserve_product_request_file|research_withdraw_product_request
api,admin,GET,/api/admin/research/product-requests/:requestId/files/:fileId/access,,server/research/product-requests.ts,1389,file_signal_present,requireActiveMember|requireProductRequestAdmin|requireSupabaseAdmin,,research_add_product_request_message|research_admin_update_product_request|research_applications|research_confirm_product_request_file|research_create_product_request|research_members|research_product_demand_candidates|research_product_request_events|research_product_request_files|research_product_request_storage_cleanup|research_product_requests|research_queue_abandoned_product_request_files|research_remove_product_request_file|research_reserve_product_request_file|research_withdraw_product_request
api,admin,GET,/api/admin/research/product-requests/analytics,,server/research/product-requests.ts,1123,file_signal_present,requireActiveMember|requireProductRequestAdmin|requireSupabaseAdmin,,research_add_product_request_message|research_admin_update_product_request|research_applications|research_confirm_product_request_file|research_create_product_request|research_members|research_product_demand_candidates|research_product_request_events|research_product_request_files|research_product_request_storage_cleanup|research_product_requests|research_queue_abandoned_product_request_files|research_remove_product_request_file|research_reserve_product_request_file|research_withdraw_product_request
api,catalog|admin,GET,/api/admin/research/products,,server/research/products-diagnostics/product-admin-routes.ts,138,file_signal_present,requireAdmin,,
api,catalog|admin,POST,/api/admin/research/products,,server/research/products-diagnostics/product-admin-routes.ts,147,file_signal_present,requireAdmin,,
api,catalog|admin,GET,/api/admin/research/products/:productId,,server/research/products-diagnostics/product-admin-routes.ts,160,file_signal_present,requireAdmin,,
api,catalog|admin,PUT,/api/admin/research/products/:productId,,server/research/products-diagnostics/product-admin-routes.ts,172,file_signal_present,requireAdmin,,
api,catalog|admin,POST,/api/admin/research/products/:productId/archive,,server/research/products-diagnostics/product-admin-routes.ts,201,file_signal_present,requireAdmin,,
api,catalog|admin,POST,/api/admin/research/products/:productId/duplicate,,server/research/products-diagnostics/product-admin-routes.ts,186,file_signal_present,requireAdmin,,
api,catalog|admin,PUT,/api/admin/research/products/:productId/media/:mediaId,,server/research/products-diagnostics/product-admin-routes.ts,324,file_signal_present,requireAdmin,,
api,catalog|admin,POST,/api/admin/research/products/:productId/media/:mediaId/confirm,,server/research/products-diagnostics/product-admin-routes.ts,310,file_signal_present,requireAdmin,,
api,catalog|admin,POST,/api/admin/research/products/:productId/media/upload,,server/research/products-diagnostics/product-admin-routes.ts,296,file_signal_present,requireAdmin,,
api,catalog|admin,POST,/api/admin/research/products/:productId/prices,,server/research/products-diagnostics/product-admin-routes.ts,268,file_signal_present,requireAdmin,,
api,catalog|admin,POST,/api/admin/research/products/:productId/prices/:priceId/approve,,server/research/products-diagnostics/product-admin-routes.ts,282,file_signal_present,requireAdmin,,
api,catalog|admin,POST,/api/admin/research/products/:productId/publish,,server/research/products-diagnostics/product-admin-routes.ts,201,file_signal_present,requireAdmin,,
api,catalog|admin,POST,/api/admin/research/products/:productId/restore,,server/research/products-diagnostics/product-admin-routes.ts,201,file_signal_present,requireAdmin,,
api,catalog|admin,POST,/api/admin/research/products/:productId/unpublish,,server/research/products-diagnostics/product-admin-routes.ts,201,file_signal_present,requireAdmin,,
api,catalog|admin,POST,/api/admin/research/products/:productId/variants,,server/research/products-diagnostics/product-admin-routes.ts,239,file_signal_present,requireAdmin,,
api,catalog|admin,PUT,/api/admin/research/products/:productId/variants/:variantId,,server/research/products-diagnostics/product-admin-routes.ts,253,file_signal_present,requireAdmin,,
api,admin,POST,/api/admin/research/questions/:questionId/answer,,server/research/questions.ts,575,file_signal_present,requireActiveMember|requireSupabaseAdmin|verifyWebhook,,research_member_questions|research_members|research_telegram_links
api,admin,GET,/api/admin/research/queues/:queue,,server/research/admin-queues.ts,888,file_signal_present,requireSupabaseAdmin,,research_agreement_acceptances|research_applications|research_blueprints|research_member_questions|research_members|research_xenios30_plans
api,admin,GET,/api/admin/research/queues/:queue/items/:itemId,,server/research/admin-queues.ts,939,file_signal_present,requireSupabaseAdmin,,research_agreement_acceptances|research_applications|research_blueprints|research_member_questions|research_members|research_xenios30_plans
api,admin,GET,/api/admin/research/readiness/:domain,,server/research/required-inputs.ts,551,parent_or_runtime_trace_required,,,research_define_required_input|research_domain_launch_controls|research_domain_readiness|research_required_input_audit|research_required_inputs|research_set_readiness_manifest|research_transition_launch_status|research_transition_required_input
api,admin,PUT,/api/admin/research/readiness/:domain/manifest,,server/research/required-inputs.ts,521,parent_or_runtime_trace_required,,,research_define_required_input|research_domain_launch_controls|research_domain_readiness|research_required_input_audit|research_required_inputs|research_set_readiness_manifest|research_transition_launch_status|research_transition_required_input
api,admin,POST,/api/admin/research/readiness/:domain/transition,,server/research/required-inputs.ts,572,parent_or_runtime_trace_required,,,research_define_required_input|research_domain_launch_controls|research_domain_readiness|research_required_input_audit|research_required_inputs|research_set_readiness_manifest|research_transition_launch_status|research_transition_required_input
api,affiliate|admin,GET,/api/admin/research/referral-fraud,,server/research/fraud-admin.ts,15,file_signal_present,requireSupabaseAdmin,,
api,affiliate|admin,POST,/api/admin/research/referral-fraud/:id/action,,server/research/fraud-admin.ts,34,file_signal_present,requireSupabaseAdmin,,
api,affiliate|admin,POST,/api/admin/research/referral-fraud/report,,server/research/fraud-admin.ts,61,file_signal_present,requireSupabaseAdmin,,
api,admin,GET,/api/admin/research/required-inputs,,server/research/required-inputs.ts,436,parent_or_runtime_trace_required,,,research_define_required_input|research_domain_launch_controls|research_domain_readiness|research_required_input_audit|research_required_inputs|research_set_readiness_manifest|research_transition_launch_status|research_transition_required_input
api,admin,POST,/api/admin/research/required-inputs,,server/research/required-inputs.ts,465,parent_or_runtime_trace_required,,,research_define_required_input|research_domain_launch_controls|research_domain_readiness|research_required_input_audit|research_required_inputs|research_set_readiness_manifest|research_transition_launch_status|research_transition_required_input
api,admin,POST,/api/admin/research/required-inputs/:id/transition,,server/research/required-inputs.ts,486,parent_or_runtime_trace_required,,,research_define_required_input|research_domain_launch_controls|research_domain_readiness|research_required_input_audit|research_required_inputs|research_set_readiness_manifest|research_transition_launch_status|research_transition_required_input
api,admin,POST,/api/admin/research/sla/sweep,,server/research/sla.ts,502,file_signal_present,requireSupabaseAdmin,,research_member_questions|research_members|research_sla_events
api,catalog|admin,GET,/api/admin/research/superpower-offer,,server/research/products-diagnostics/routes.ts,377,file_signal_present,requireActiveMember|requireAdmin,,
api,catalog|admin,PUT,/api/admin/research/superpower-offer,,server/research/products-diagnostics/routes.ts,386,file_signal_present,requireActiveMember|requireAdmin,,
api,catalog|admin,GET,/api/admin/research/supplement-placeholders,,server/research/products-diagnostics/routes.ts,400,file_signal_present,requireActiveMember|requireAdmin,,
api,catalog|admin,PUT,/api/admin/research/supplement-placeholders/:category,,server/research/products-diagnostics/routes.ts,409,file_signal_present,requireActiveMember|requireAdmin,,
api,supplier|admin,GET,/api/admin/research/supplier-orders/:orderNumber,,server/research/early-access/register.ts,1511,file_signal_present,requireAdmin|requireSupabaseAdmin|resolveEarlyAccessCartStore|resolveEarlyAccessConfig|resolveMember|resolveSession,,research_early_access_commit_cart_checkout|research_early_access_record_cart_fulfilment_event|research_material
api,supplier|admin,POST,/api/admin/research/supplier-orders/:orderNumber,,server/research/early-access/register.ts,1515,file_signal_present,requireAdmin|requireSupabaseAdmin|resolveEarlyAccessCartStore|resolveEarlyAccessConfig|resolveMember|resolveSession,,research_early_access_commit_cart_checkout|research_early_access_record_cart_fulfilment_event|research_material
api,supplier|admin,POST,/api/admin/research/supplier-orders/:orderNumber/acknowledgement,,server/research/early-access/register.ts,1529,file_signal_present,requireAdmin|requireSupabaseAdmin|resolveEarlyAccessCartStore|resolveEarlyAccessConfig|resolveMember|resolveSession,,research_early_access_commit_cart_checkout|research_early_access_record_cart_fulfilment_event|research_material
api,supplier|admin,POST,/api/admin/research/supplier-orders/:orderNumber/notification,,server/research/early-access/register.ts,1522,file_signal_present,requireAdmin|requireSupabaseAdmin|resolveEarlyAccessCartStore|resolveEarlyAccessConfig|resolveMember|resolveSession,,research_early_access_commit_cart_checkout|research_early_access_record_cart_fulfilment_event|research_material
api,supplier|admin,POST,/api/admin/research/supplier-orders/:orderNumber/packing,,server/research/early-access/register.ts,1540,file_signal_present,requireAdmin|requireSupabaseAdmin|resolveEarlyAccessCartStore|resolveEarlyAccessConfig|resolveMember|resolveSession,,research_early_access_commit_cart_checkout|research_early_access_record_cart_fulfilment_event|research_material
api,supplier|admin,POST,/api/admin/research/supplier-orders/:orderNumber/shipped,,server/research/early-access/register.ts,1554,file_signal_present,requireAdmin|requireSupabaseAdmin|resolveEarlyAccessCartStore|resolveEarlyAccessConfig|resolveMember|resolveSession,,research_early_access_commit_cart_checkout|research_early_access_record_cart_fulfilment_event|research_material
api,supplier|admin,POST,/api/admin/research/supplier-orders/:orderNumber/tracking,,server/research/early-access/register.ts,1547,file_signal_present,requireAdmin|requireSupabaseAdmin|resolveEarlyAccessCartStore|resolveEarlyAccessConfig|resolveMember|resolveSession,,research_early_access_commit_cart_checkout|research_early_access_record_cart_fulfilment_event|research_material
api,admin,GET,/api/admin/research/system-status,,server/research/outbox.ts,699,file_signal_present,assertEmailPayloadSafe|requireSupabaseAdmin|resolveEmailConfiguration,RESEARCH_GOOGLE_WORKSPACE_EXPORTS_ENABLED,research_notification_attempts|research_notification_outbox
api,admin,POST,/api/admin/research/test-email,,server/research/outbox.ts,675,file_signal_present,assertEmailPayloadSafe|requireSupabaseAdmin|resolveEmailConfiguration,RESEARCH_GOOGLE_WORKSPACE_EXPORTS_ENABLED,research_notification_attempts|research_notification_outbox
api,admin,GET,/api/admin/waitlist,,server/routes.ts,535,file_signal_present,requireSupabaseAdmin|verifyTurnstile,NEXT_PUBLIC_RESEARCH_COMMERCE_ENABLED,
api,admin,PATCH,/api/admin/waitlist/:id/status,,server/routes.ts,571,file_signal_present,requireSupabaseAdmin|verifyTurnstile,NEXT_PUBLIC_RESEARCH_COMMERCE_ENABLED,
api,admin,GET,/api/care/appointments/admin/readiness,,server/care/appointment-routes.ts,158,file_signal_present,requireCarePermission,,
api,commerce|admin,POST,/api/care/pharmacy/admin/orders/:orderId/clarification/resolve,,server/care/prescription-routes.ts,267,file_signal_present,requireCarePermission|resolveClarification,,
api,admin,POST,/api/care/pharmacy/admin/prescriptions/:prescriptionId/assign,,server/care/prescription-routes.ts,234,file_signal_present,requireCarePermission|resolveClarification,,
api,admin,GET,/api/care/pharmacy/admin/readiness,,server/care/prescription-routes.ts,198,file_signal_present,requireCarePermission|resolveClarification,,
api,commerce,GET,/api/care/pharmacy/orders,,server/care/prescription-routes.ts,154,file_signal_present,requireCarePermission|resolveClarification,,
api,commerce,POST,/api/care/pharmacy/orders/:orderId/action,,server/care/prescription-routes.ts,172,file_signal_present,requireCarePermission|resolveClarification,,
api,commerce|organization,POST,/api/research/account/claims/confirm,,server/research/account-identity/routes.ts,77,parent_or_runtime_trace_required,,,
api,commerce|organization,POST,/api/research/account/claims/request,,server/research/account-identity/routes.ts,73,parent_or_runtime_trace_required,,,
api,organization,GET,/api/research/account/context,,server/research/account-identity/routes.ts,69,parent_or_runtime_trace_required,,,
api,organization,POST,/api/research/account/organization-invitations/accept,,server/research/account-identity/routes.ts,85,parent_or_runtime_trace_required,,,
api,organization,GET,/api/research/account/organizations/:organizationId/dashboard,,server/research/account-identity/routes.ts,89,parent_or_runtime_trace_required,,,
api,commerce|organization,POST,/api/research/account/organizations/:organizationId/orders/request-again,,server/research/account-identity/routes.ts,101,parent_or_runtime_trace_required,,,
api,organization,PATCH,/api/research/account/organizations/:organizationId/profile,,server/research/account-identity/routes.ts,93,parent_or_runtime_trace_required,,,
api,organization,POST,/api/research/account/organizations/:organizationId/users/invitations,,server/research/account-identity/routes.ts,97,parent_or_runtime_trace_required,,,
api,organization,POST,/api/research/account/security/password-change-complete,,server/research/account-identity/routes.ts,81,parent_or_runtime_trace_required,,,
api,commerce|organization,POST,/api/research/buyer/order-requests,,server/research/buyer-commerce/routes.ts,28,parent_or_runtime_trace_required,,,
api,commerce,GET,/api/research/cart,,server/research/commerce/routes.ts,453,file_signal_present,requireActiveMember|requireAdmin|requireMember,,
api,commerce,POST,/api/research/cart/lines,,server/research/commerce/routes.ts,461,file_signal_present,requireActiveMember|requireAdmin|requireMember,,
api,commerce,DELETE,/api/research/cart/lines/:sku,,server/research/commerce/routes.ts,481,file_signal_present,requireActiveMember|requireAdmin|requireMember,,
api,commerce,PATCH,/api/research/cart/lines/:sku,,server/research/commerce/routes.ts,471,file_signal_present,requireActiveMember|requireAdmin|requireMember,,
api,catalog,GET,/api/research/catalog-display/catalog,,server/research/catalog-display/routes.ts,276,file_signal_present,authorizeCatalogDisplayViewer|authorizeViewer|requireActiveMember|requireFunction|requireSupabaseAdmin|resolveViewerVisibilityBreadth,,
api,catalog,OPTIONS,/api/research/catalog-display/catalog,,server/research/catalog-display/routes.ts,353,file_signal_present,authorizeCatalogDisplayViewer|authorizeViewer|requireActiveMember|requireFunction|requireSupabaseAdmin|resolveViewerVisibilityBreadth,,
api,catalog,GET,/api/research/catalog-display/products/:lane/:slug,,server/research/catalog-display/routes.ts,303,file_signal_present,authorizeCatalogDisplayViewer|authorizeViewer|requireActiveMember|requireFunction|requireSupabaseAdmin|resolveViewerVisibilityBreadth,,
api,catalog,OPTIONS,/api/research/catalog-display/products/:lane/:slug,,server/research/catalog-display/routes.ts,354,file_signal_present,authorizeCatalogDisplayViewer|authorizeViewer|requireActiveMember|requireFunction|requireSupabaseAdmin|resolveViewerVisibilityBreadth,,
api,catalog,GET,/api/research/catalog,,server/research/index.ts,636,file_signal_present,requireActiveMember|requireMember|requireResearchSubject|requireSupabaseAdmin|researchPageGate|resolveResearchMember,,research_member_questions|research_private_media
api,commerce,POST,/api/research/checkout,,server/research/commerce/routes.ts,491,file_signal_present,requireActiveMember|requireAdmin|requireMember,,
api,commerce,GET,/api/research/claims,,server/research/commerce/routes.ts,554,file_signal_present,requireActiveMember|requireAdmin|requireMember,,
api,commerce,POST,/api/research/claims,,server/research/commerce/routes.ts,545,file_signal_present,requireActiveMember|requireAdmin|requireMember,,
api,commerce,GET,/api/research/claims/:claimId,,server/research/commerce/routes.ts,663,file_signal_present,requireActiveMember|requireAdmin|requireMember,,
api,catalog,GET,/api/research/diagnostics/biomarker,,server/research/products-diagnostics/routes.ts,274,file_signal_present,requireActiveMember|requireAdmin,,
api,catalog,POST,/api/research/diagnostics/biomarker/report-upload,,server/research/products-diagnostics/routes.ts,289,file_signal_present,requireActiveMember|requireAdmin,,
api,catalog,POST,/api/research/diagnostics/biomarker/report-upload/confirm,,server/research/products-diagnostics/routes.ts,323,file_signal_present,requireActiveMember|requireAdmin,,
api,catalog,GET,/api/research/diagnostics/superpower,,server/research/products-diagnostics/routes.ts,265,file_signal_present,requireActiveMember|requireAdmin,,
api,commerce,GET,/api/research/early-access/cart/:cartCheckoutNumber,,server/research/early-access/register.ts,1193,file_signal_present,requireAdmin|requireSupabaseAdmin|resolveEarlyAccessCartStore|resolveEarlyAccessConfig|resolveMember|resolveSession,,research_early_access_commit_cart_checkout|research_early_access_record_cart_fulfilment_event|research_material
api,commerce,GET,/api/research/early-access/cart/:cartCheckoutNumber/payment-instructions,,server/research/early-access/register.ts,1208,file_signal_present,requireAdmin|requireSupabaseAdmin|resolveEarlyAccessCartStore|resolveEarlyAccessConfig|resolveMember|resolveSession,,research_early_access_commit_cart_checkout|research_early_access_record_cart_fulfilment_event|research_material
api,commerce,POST,/api/research/early-access/cart/:cartCheckoutNumber/payment-proof,,server/research/early-access/register.ts,1252,file_signal_present,requireAdmin|requireSupabaseAdmin|resolveEarlyAccessCartStore|resolveEarlyAccessConfig|resolveMember|resolveSession,,research_early_access_commit_cart_checkout|research_early_access_record_cart_fulfilment_event|research_material
api,commerce,GET,/api/research/early-access/cart/:cartCheckoutNumber/status,,server/research/early-access/register.ts,1192,file_signal_present,requireAdmin|requireSupabaseAdmin|resolveEarlyAccessCartStore|resolveEarlyAccessConfig|resolveMember|resolveSession,,research_early_access_commit_cart_checkout|research_early_access_record_cart_fulfilment_event|research_material
api,commerce,GET,/api/research/early-access/cart/capability,,server/research/early-access/register.ts,1027,file_signal_present,requireAdmin|requireSupabaseAdmin|resolveEarlyAccessCartStore|resolveEarlyAccessConfig|resolveMember|resolveSession,,research_early_access_commit_cart_checkout|research_early_access_record_cart_fulfilment_event|research_material
api,commerce,POST,/api/research/early-access/cart/checkout,,server/research/early-access/register.ts,1188,file_signal_present,requireAdmin|requireSupabaseAdmin|resolveEarlyAccessCartStore|resolveEarlyAccessConfig|resolveMember|resolveSession,,research_early_access_commit_cart_checkout|research_early_access_record_cart_fulfilment_event|research_material
api,commerce,POST,/api/research/early-access/cart/quote,,server/research/early-access/register.ts,1187,file_signal_present,requireAdmin|requireSupabaseAdmin|resolveEarlyAccessCartStore|resolveEarlyAccessConfig|resolveMember|resolveSession,,research_early_access_commit_cart_checkout|research_early_access_record_cart_fulfilment_event|research_material
api,catalog,GET,/api/research/early-access/catalog,,server/research/early-access/register.ts,831,file_signal_present,requireAdmin|requireSupabaseAdmin|resolveEarlyAccessCartStore|resolveEarlyAccessConfig|resolveMember|resolveSession,,research_early_access_commit_cart_checkout|research_early_access_record_cart_fulfilment_event|research_material
api,commerce,POST,/api/research/early-access/orders,,server/research/early-access/register.ts,952,file_signal_present,requireAdmin|requireSupabaseAdmin|resolveEarlyAccessCartStore|resolveEarlyAccessConfig|resolveMember|resolveSession,,research_early_access_commit_cart_checkout|research_early_access_record_cart_fulfilment_event|research_material
api,commerce,GET,/api/research/early-access/orders/:orderNumber,,server/research/early-access/register.ts,958,file_signal_present,requireAdmin|requireSupabaseAdmin|resolveEarlyAccessCartStore|resolveEarlyAccessConfig|resolveMember|resolveSession,,research_early_access_commit_cart_checkout|research_early_access_record_cart_fulfilment_event|research_material
api,commerce,GET,/api/research/early-access/orders/:orderNumber/invoice,,server/research/early-access/register.ts,1374,file_signal_present,requireAdmin|requireSupabaseAdmin|resolveEarlyAccessCartStore|resolveEarlyAccessConfig|resolveMember|resolveSession,,research_early_access_commit_cart_checkout|research_early_access_record_cart_fulfilment_event|research_material
api,commerce,POST,/api/research/early-access/orders/:orderNumber/payment-proof,,server/research/early-access/register.ts,1383,file_signal_present,requireAdmin|requireSupabaseAdmin|resolveEarlyAccessCartStore|resolveEarlyAccessConfig|resolveMember|resolveSession,,research_early_access_commit_cart_checkout|research_early_access_record_cart_fulfilment_event|research_material
api,commerce,GET,/api/research/goals,,server/research/commerce/routes.ts,429,file_signal_present,requireActiveMember|requireAdmin|requireMember,,
api,commerce,GET,/api/research/guides,,server/research/commerce/routes.ts,433,file_signal_present,requireActiveMember|requireAdmin|requireMember,,
api,commerce,GET,/api/research/guides/:slug,,server/research/commerce/routes.ts,437,file_signal_present,requireActiveMember|requireAdmin|requireMember,,
api,catalog,GET,/api/research/kris-launch-a/v1/catalog,,server/index.ts,460,file_signal_present,authorizeAudience|authorizePricingAudience|requireActiveMember|requireAdmin|requireMember|requireSupabaseAdmin|researchPageGate|resolveActiveMemberSilently|resolveMember,,
api,catalog,OPTIONS,/api/research/kris-launch-a/v1/catalog,,server/index.ts,462,file_signal_present,authorizeAudience|authorizePricingAudience|requireActiveMember|requireAdmin|requireMember|requireSupabaseAdmin|researchPageGate|resolveActiveMemberSilently|resolveMember,,
api,catalog,GET,/api/research/kris-launch-a/v1/products/:slug,,server/index.ts,461,file_signal_present,authorizeAudience|authorizePricingAudience|requireActiveMember|requireAdmin|requireMember|requireSupabaseAdmin|researchPageGate|resolveActiveMemberSilently|resolveMember,,
api,catalog,OPTIONS,/api/research/kris-launch-a/v1/products/:slug,,server/index.ts,463,file_signal_present,authorizeAudience|authorizePricingAudience|requireActiveMember|requireAdmin|requireMember|requireSupabaseAdmin|researchPageGate|resolveActiveMemberSilently|resolveMember,,
api,catalog,GET,/api/research/member/catalog,,server/research/guards.ts,37,file_signal_present,requireActiveMember,,
api,commerce,POST,/api/research/member/claim,,server/research/members.ts,87,file_signal_present,requireMember|requireResearchSubject,,research_applications|research_members|research_rate_limit_hit
api,catalog,GET,/api/research/member/products,,server/research/catalog/member-catalog-routes.ts,58,file_signal_present,requireActiveMember,,
api,catalog,GET,/api/research/member/products/:slug,,server/research/catalog/member-catalog-routes.ts,80,file_signal_present,requireActiveMember,,
api,affiliate,GET,/api/research/member/referrals,,server/research/members.ts,294,file_signal_present,requireMember|requireResearchSubject,,research_applications|research_members|research_rate_limit_hit
api,catalog,POST,/api/research/metabolic-interest,,server/research/products-diagnostics/routes.ts,237,file_signal_present,requireActiveMember|requireAdmin,,
api,catalog,GET,/api/research/metabolic-pathways,,server/research/products-diagnostics/routes.ts,228,file_signal_present,requireActiveMember|requireAdmin,,
api,commerce,GET,/api/research/orders,,server/research/commerce/routes.ts,500,file_signal_present,requireActiveMember|requireAdmin|requireMember,,
api,commerce,POST,/api/research/orders,,server/research/index.ts,68,file_signal_present,requireActiveMember|requireMember|requireResearchSubject|requireSupabaseAdmin|researchPageGate|resolveResearchMember,,research_member_questions|research_private_media
api,commerce,GET,/api/research/orders/:orderId,,server/research/commerce/routes.ts,508,file_signal_present,requireActiveMember|requireAdmin|requireMember,,
api,commerce|affiliate,POST,/api/research/partner/apply,,server/research/commerce/routes.ts,603,file_signal_present,requireActiveMember|requireAdmin|requireMember,,
api,affiliate,GET,/api/research/partner/campaigns,,server/research/partners/portal-routes.ts,239,file_signal_present,requireMember|resolvePartnerPortalPort,,
api,affiliate,POST,/api/research/partner/campaigns/request,,server/research/partners/portal-routes.ts,247,file_signal_present,requireMember|resolvePartnerPortalPort,,
api,affiliate,GET,/api/research/partner/commissions,,server/research/partners/portal-routes.ts,212,file_signal_present,requireMember|resolvePartnerPortalPort,,
api,affiliate,GET,/api/research/partner/compliance,,server/research/partners/portal-routes.ts,289,file_signal_present,requireMember|resolvePartnerPortalPort,,
api,affiliate,POST,/api/research/partner/compliance/submissions,,server/research/partners/portal-routes.ts,297,file_signal_present,requireMember|resolvePartnerPortalPort,,
api,affiliate,GET,/api/research/partner/conversions,,server/research/partners/portal-routes.ts,202,file_signal_present,requireMember|resolvePartnerPortalPort,,
api,commerce|affiliate,GET,/api/research/partner/dashboard,,server/research/commerce/routes.ts,588,file_signal_present,requireActiveMember|requireAdmin|requireMember,,
api,affiliate,GET,/api/research/partner/events,,server/research/partners/portal-routes.ts,255,file_signal_present,requireMember|resolvePartnerPortalPort,,
api,affiliate,POST,/api/research/partner/events/request,,server/research/partners/portal-routes.ts,263,file_signal_present,requireMember|resolvePartnerPortalPort,,
api,affiliate,GET,/api/research/partner/leads,,server/research/partners/portal-routes.ts,194,file_signal_present,requireMember|resolvePartnerPortalPort,,
api,commerce|affiliate,GET,/api/research/partner/links,,server/research/commerce/routes.ts,616,file_signal_present,requireActiveMember|requireAdmin|requireMember,,
api,commerce|affiliate,GET,/api/research/partner/me,,server/research/commerce/routes.ts,575,file_signal_present,requireActiveMember|requireAdmin|requireMember,,
api,affiliate,GET,/api/research/partner/onboarding,,server/research/partners/portal-routes.ts,176,file_signal_present,requireMember|resolvePartnerPortalPort,,
api,affiliate|organization,GET,/api/research/partner/organizations,,server/research/partners/portal-routes.ts,271,file_signal_present,requireMember|resolvePartnerPortalPort,,
api,affiliate|organization,POST,/api/research/partner/organizations/request,,server/research/partners/portal-routes.ts,279,file_signal_present,requireMember|resolvePartnerPortalPort,,
api,affiliate,GET,/api/research/partner/payouts,,server/research/partners/portal-routes.ts,221,file_signal_present,requireMember|resolvePartnerPortalPort,,
api,affiliate,GET,/api/research/partner/resources,,server/research/partners/portal-routes.ts,231,file_signal_present,requireMember|resolvePartnerPortalPort,,
api,affiliate,GET,/api/research/partner/security/sessions,,server/research/partners/portal-routes.ts,330,file_signal_present,requireMember|resolvePartnerPortalPort,,
api,affiliate,GET,/api/research/partner/training,,server/research/partners/portal-routes.ts,184,file_signal_present,requireMember|resolvePartnerPortalPort,,
api,pricing,GET,/api/research/pricing/products/:productId/variants/:variantId/card-price,,server/research/pricing/routes.ts,340,file_signal_present,authorizeAudience|authorizeAudienceFromServerIdentity|requireActiveMember|requireFunction|resolveApprovedResearchPrice,NEXT_PUBLIC_RESEARCH_COMMERCE_ENABLED,
api,pricing,OPTIONS,/api/research/pricing/products/:productId/variants/:variantId/card-price,,server/research/pricing/routes.ts,346,file_signal_present,authorizeAudience|authorizeAudienceFromServerIdentity|requireActiveMember|requireFunction|resolveApprovedResearchPrice,NEXT_PUBLIC_RESEARCH_COMMERCE_ENABLED,
api,pricing,GET,/api/research/pricing/products/:productId/variants/:variantId/price,,server/research/pricing/routes.ts,339,file_signal_present,authorizeAudience|authorizeAudienceFromServerIdentity|requireActiveMember|requireFunction|resolveApprovedResearchPrice,NEXT_PUBLIC_RESEARCH_COMMERCE_ENABLED,
api,pricing,OPTIONS,/api/research/pricing/products/:productId/variants/:variantId/price,,server/research/pricing/routes.ts,345,file_signal_present,authorizeAudience|authorizeAudienceFromServerIdentity|requireActiveMember|requireFunction|resolveApprovedResearchPrice,NEXT_PUBLIC_RESEARCH_COMMERCE_ENABLED,
api,catalog,GET,/api/research/product-platform,,server/research/products-diagnostics/routes.ts,172,file_signal_present,requireActiveMember|requireAdmin,,
api,commerce,GET,/api/research/products,,server/research/commerce/routes.ts,416,file_signal_present,requireActiveMember|requireAdmin|requireMember,,
api,catalog,POST,/api/research/products/:sku/certificates/access,,server/research/products-diagnostics/routes.ts,210,file_signal_present,requireActiveMember|requireAdmin,,
api,commerce,GET,/api/research/products/:slug,,server/research/commerce/routes.ts,420,file_signal_present,requireActiveMember|requireAdmin|requireMember,,
api,commerce,POST,/api/research/shipping/quote,,server/research/commerce/routes.ts,630,file_signal_present,requireActiveMember|requireAdmin|requireMember,,
api,commerce,GET,/api/research/store-credit,,server/research/commerce/routes.ts,562,file_signal_present,requireActiveMember|requireAdmin|requireMember,,
api,commerce,GET,/api/research/subscriptions,,server/research/commerce/routes.ts,523,file_signal_present,requireActiveMember|requireAdmin|requireMember,,
api,commerce,POST,/api/research/subscriptions,,server/research/commerce/routes.ts,644,file_signal_present,requireActiveMember|requireAdmin|requireMember,,
api,commerce,POST,/api/research/subscriptions/:subscriptionId,,server/research/commerce/routes.ts,531,file_signal_present,requireActiveMember|requireAdmin|requireMember,,
api,commerce|supplier,POST,/api/research/webhooks/fulfillment,,server/research/commerce/routes.ts,738,file_signal_present,requireActiveMember|requireAdmin|requireMember,,
api,commerce,POST,/api/research/webhooks/payment,,server/research/commerce/routes.ts,728,file_signal_present,requireActiveMember|requireAdmin|requireMember,,
client,admin,,/admin/research,AdminResearchHome,client/src/research/adminx-section.tsx,127,client_wrapper_only,admin-auth-shell,,
client,admin,,/admin/research/activation-bridge,ActivationBridge,client/src/research/adminx-section.tsx,160,client_wrapper_only,admin-auth-shell,,
client,admin,,/admin/research/activation-checklist,ActivationChecklist,client/src/research/adminx-section.tsx,161,client_wrapper_only,admin-auth-shell,,
client,admin,,/admin/research/activation-queue,ActivationQueue,client/src/research/adminx-section.tsx,159,client_wrapper_only,admin-auth-shell,,
client,admin,,/admin/research/activation-readiness,ActivationReadiness,client/src/research/adminx-section.tsx,163,client_wrapper_only,admin-auth-shell,,
client,admin,,/admin/research/activation-reconciliation,ActivationReconciliation,client/src/research/adminx-section.tsx,162,client_wrapper_only,admin-auth-shell,,
client,admin,,/admin/research/applications,Applications,client/src/research/adminx-section.tsx,128,client_wrapper_only,admin-auth-shell,,
client,admin,,/admin/research/applications/:id,ApplicationDetail,client/src/research/adminx-section.tsx,129,client_wrapper_only,admin-auth-shell,,
client,admin,,/admin/research/audit,Audit,client/src/research/adminx-section.tsx,167,client_wrapper_only,admin-auth-shell,,
client,admin,,/admin/research/blueprint-review,BlueprintReview,client/src/research/adminx-section.tsx,134,client_wrapper_only,admin-auth-shell,,
client,admin,,/admin/research/capabilities,Capabilities,client/src/research/adminx-section.tsx,157,client_wrapper_only,admin-auth-shell,,
client,commerce|admin,,/admin/research/commerce-queues,CommerceQueues,client/src/research/adminx-section.tsx,148,client_wrapper_only,admin-auth-shell,,
client,admin,,/admin/research/early-access/payments,EarlyAccessPaymentReview,client/src/research/adminx-section.tsx,166,client_wrapper_only,admin-auth-shell,,
client,admin,,/admin/research/early-access/releases,EarlyAccessReleases,client/src/research/adminx-section.tsx,165,client_wrapper_only,admin-auth-shell,,
client,admin,,/admin/research/esign,EsignDocuments,client/src/research/adminx-section.tsx,164,client_wrapper_only,admin-auth-shell,,
client,supplier|admin,,/admin/research/fulfillment,Fulfillment,client/src/research/adminx-section.tsx,147,client_wrapper_only,admin-auth-shell,,
client,admin,,/admin/research/guides,GuidesAdmin,client/src/research/adminx-section.tsx,151,client_wrapper_only,admin-auth-shell,,
client,admin,,/admin/research/guides/:id,GuideAdminDetail,client/src/research/adminx-section.tsx,152,client_wrapper_only,admin-auth-shell,,
client,supplier|admin,,/admin/research/inventory,Redirect:/admin/research/inventory/lots,client/src/research/adminx-section.tsx,142,client_wrapper_only,,,
client,supplier|admin,,/admin/research/inventory/coas,LotCoasIntegrated,client/src/research/adminx-section.tsx,141,client_wrapper_only,admin-auth-shell,,
client,supplier|admin,,/admin/research/inventory/lots,InventoryLotsIntegrated,client/src/research/adminx-section.tsx,140,client_wrapper_only,admin-auth-shell,,
client,admin,,/admin/research/members,Members,client/src/research/adminx-section.tsx,130,client_wrapper_only,admin-auth-shell,,
client,admin,,/admin/research/members/:id,MemberDetail,client/src/research/adminx-section.tsx,131,client_wrapper_only,admin-auth-shell,,
client,commerce|admin,,/admin/research/orders,OrdersAdmin,client/src/research/adminx-section.tsx,145,client_wrapper_only,admin-auth-shell,,
client,commerce|admin,,/admin/research/orders/:id,OrderAdminDetail,client/src/research/adminx-section.tsx,146,client_wrapper_only,admin-auth-shell,,
client,affiliate|admin,,/admin/research/partners,PartnersAdmin,client/src/research/adminx-section.tsx,153,client_wrapper_only,admin-auth-shell,,
client,affiliate|admin,,/admin/research/partners/:id,PartnerAdminDetail,client/src/research/adminx-section.tsx,154,client_wrapper_only,admin-auth-shell,,
client,admin,,/admin/research/plans,Plans,client/src/research/adminx-section.tsx,132,client_wrapper_only,admin-auth-shell,,
client,admin,,/admin/research/plans/:id,PlanDetail,client/src/research/adminx-section.tsx,133,client_wrapper_only,admin-auth-shell,,
client,admin,,/admin/research/privacy,PrivacyAdmin,client/src/research/adminx-section.tsx,156,client_wrapper_only,admin-auth-shell,,
client,admin,,/admin/research/product-configuration,Website3Configuration,client/src/research/adminx-section.tsx,137,client_wrapper_only,admin-auth-shell,,
client,admin,,/admin/research/product-requests,ProductRequestsAdmin,client/src/research/adminx-section.tsx,138,client_wrapper_only,admin-auth-shell,,
client,admin,,/admin/research/product-requests/:id,ProductRequestAdminDetail,client/src/research/adminx-section.tsx,139,client_wrapper_only,admin-auth-shell,,
client,admin,,/admin/research/products,ProductsAdmin,client/src/research/adminx-section.tsx,135,client_wrapper_only,admin-auth-shell,,
client,admin,,/admin/research/products/:id,ProductAdminDetail,client/src/research/adminx-section.tsx,136,client_wrapper_only,admin-auth-shell,,
client,admin,,/admin/research/questions,QuestionsAdmin,client/src/research/adminx-section.tsx,149,client_wrapper_only,admin-auth-shell,,
client,admin,,/admin/research/questions/:id,QuestionAdminDetail,client/src/research/adminx-section.tsx,150,client_wrapper_only,admin-auth-shell,,
client,admin,,/admin/research/required-inputs,RequiredInputs,client/src/research/adminx-section.tsx,158,client_wrapper_only,admin-auth-shell,,
client,admin,,/admin/research/security,SecurityAdmin,client/src/research/adminx-section.tsx,155,client_wrapper_only,admin-auth-shell,,
client,commerce,,/research/cart,Redirect:/research/member/cart,client/src/research/section.tsx,365,client_wrapper_only,,,
client,commerce,,/research/member/cart,MemberCart,client/src/research/section.tsx,315,client_wrapper_only,active-member-shell|research-lazy-shell,,
client,catalog,,/research/member/catalog,MemberFullCatalog,client/src/research/section.tsx,302,client_wrapper_only,active-member-shell|research-lazy-shell,,
client,catalog,,/research/member/catalog/:family/:slug,MemberFullCatalogProduct,client/src/research/section.tsx,301,client_wrapper_only,active-member-shell|research-lazy-shell,,
client,commerce,,/research/member/checkout,MemberCheckout,client/src/research/section.tsx,316,client_wrapper_only,active-member-shell|research-lazy-shell,,
client,commerce,,/research/member/orders,MemberOrders,client/src/research/section.tsx,317,client_wrapper_only,active-member-shell|research-lazy-shell,,
client,commerce,,/research/member/orders/:id,OrderDetail,client/src/research/section.tsx,318,client_wrapper_only,active-member-shell|research-lazy-shell,,
client,affiliate,,/research/member/referrals,ReferralsUpgrade,client/src/research/section.tsx,321,client_wrapper_only,active-member-shell|research-lazy-shell,,
client,commerce,,/research/member/subscriptions,SubscriptionsPage,client/src/research/section.tsx,319,client_wrapper_only,active-member-shell|research-lazy-shell,,
client,commerce,,/research/orders,Redirect:/research/member/orders,client/src/research/section.tsx,354,client_wrapper_only,,,
client,affiliate,,/research/partners,PartnerLanding,client/src/research/section.tsx,324,client_wrapper_only,partner-route-family|research-lazy-shell,,
client,affiliate,,/research/partners/apply,PartnerApply,client/src/research/section.tsx,325,client_wrapper_only,partner-route-family|research-lazy-shell,,
client,affiliate,,/research/partners/campaigns,PartnerCampaigns,client/src/research/section.tsx,330,client_wrapper_only,partner-route-family|research-lazy-shell,,
client,affiliate,,/research/partners/commissions,PartnerCommissions,client/src/research/section.tsx,334,client_wrapper_only,partner-route-family|research-lazy-shell,,
client,affiliate,,/research/partners/compliance,PartnerCompliance,client/src/research/section.tsx,337,client_wrapper_only,partner-route-family|research-lazy-shell,,
client,affiliate,,/research/partners/conversions,PartnerConversions,client/src/research/section.tsx,333,client_wrapper_only,partner-route-family|research-lazy-shell,,
client,affiliate,,/research/partners/dashboard,PartnerDashboard,client/src/research/section.tsx,328,client_wrapper_only,partner-route-family|research-lazy-shell,,
client,affiliate,,/research/partners/events,PartnerEvents,client/src/research/section.tsx,331,client_wrapper_only,partner-route-family|research-lazy-shell,,
client,affiliate,,/research/partners/leads,PartnerLeads,client/src/research/section.tsx,332,client_wrapper_only,partner-route-family|research-lazy-shell,,
client,affiliate,,/research/partners/links,PartnerLinks,client/src/research/section.tsx,329,client_wrapper_only,partner-route-family|research-lazy-shell,,
client,affiliate,,/research/partners/onboarding,PartnerOnboarding,client/src/research/section.tsx,326,client_wrapper_only,partner-route-family|research-lazy-shell,,
client,affiliate|organization,,/research/partners/organizations,PartnerOrganizations,client/src/research/section.tsx,336,client_wrapper_only,partner-route-family|research-lazy-shell,,
client,affiliate,,/research/partners/payouts,PartnerPayouts,client/src/research/section.tsx,335,client_wrapper_only,partner-route-family|research-lazy-shell,,
client,affiliate,,/research/partners/resources,PartnerResources,client/src/research/section.tsx,338,client_wrapper_only,partner-route-family|research-lazy-shell,,
client,affiliate,,/research/partners/security,PartnerSecurity,client/src/research/section.tsx,340,client_wrapper_only,partner-route-family|research-lazy-shell,,
client,affiliate,,/research/partners/support,PartnerSupport,client/src/research/section.tsx,339,client_wrapper_only,partner-route-family|research-lazy-shell,,
client,affiliate,,/research/partners/training,PartnerTraining,client/src/research/section.tsx,327,client_wrapper_only,partner-route-family|research-lazy-shell,,
client,affiliate,,/research/referrals,Redirect:/research/member/referrals,client/src/research/section.tsx,356,client_wrapper_only,,,
client,commerce,,/research/subscriptions,Redirect:/research/member/subscriptions,client/src/research/section.tsx,355,client_wrapper_only,,,
